2019,1,JPN,A,3,27391,7550,1950,2500,4000,,,,19841,780,3055,1659,1350,1600,1740,1337,1870,2320,1740,1490,,,,,,
2019,2,USA,A,1,27343,7865,2900,2350,3600,,,,19478,705,2835,1700,974,1365,2055,1249,1970,2225,1855,1560,,,,,,
2019,3,GER,A,2,23811,6930,2050,2300,3600,,,,16881,655,2025,1285,995,1280,1845,1026,1620,1875,1705,1550,,,,,,
2019,4,JPN,B,,23374,7720,2300,1740,3800,,,,15654,555,2365,1190,999,1620,1865,1160,1540,1605,1615,1020,,,,,,
2019,5,SVK,A,4,22186,6710,2450,1620,2790,,,,15476,440,2610,1210,991,1470,1940,1060,1410,1615,1440,1140,,,,,,
2019,6,HUN,A,5,19952,5875,2250,1850,2520,,,,14077,620,2270,1305,832,1105,1395,1095,1490,1235,1515,470,,,,,,
2019,7,GBR,A,6,19346,5649,1974,2000,2520,,,,13697,565,1755,805,726,1155,1720,1071,1250,1710,1135,960,,,,,,
2019,8,CHN,A,7,19125,5778,1983,1950,2700,,,,13347,440,1845,1150,867,1095,1340,1060,870,1370,1205,1250,,,,,,
2019,9,FRA,A,8,18554,5330,1910,1700,2530,,,,13224,565,1815,805,971,890,1300,968,1260,1325,1285,1230,,,,,,
2019,10,POL,A,9,17824,5600,1950,1800,2600,,,,12224,415,1715,1095,536,1050,1550,893,1190,1100,1240,690,,,,,,
2019,11,AUT,A,10,17559,5320,2150,1480,2060,,,,12239,445,1520,1110,902,1110,1400,740,1320,1175,1075,1072,,,,,,
2019,12,CZE,A,11,17550,4755,1935,1760,1840,,,,12795,445,1730,860,812,980,1470,1053,1250,1200,1055,1160,,,,,,
2019,13,IND,A,12,17371,4874,1799,1800,1970,,,,12497,455,1825,785,657,1105,1155,915,1550,1140,1125,1090,,,,,,
2019,14,CAN,A,13,16768,4585,1445,1680,2420,,,,12183,545,2010,700,403,720,1270,1060,1010,1485,1110,910,,,,,,
2019,15,NED,A,14,16504,4411,1506,1400,2140,,,,12093,535,1715,805,640,765,1400,1015,1360,1525,910,788,,,,,,
2019,16,HUN,B,,15867,5025,2050,1140,2100,,,,10842,500,1770,575,830,875,1065,792,1370,1035,1125,640,,,,,,
2019,17,TUR,A,15,15512,5009,1834,960,2370,,,,10503,450,1695,1015,609,805,1270,889,1030,990,1015,580,,,,,,
2019,18,SRB,A,16,14641,4012,1822,1360,1040,,,,10629,500,1690,1094,515,1150,1160,900,870,1240,990,310,,,,,,
2019,19,JPN,C,,14239,3735,1630,1740,1450,,,,10504,330,1295,730,487,655,1290,797,960,1105,770,1000,,,,,,
2019,20,USA,B,,13565,4283,1553,1200,2140,,,,9282,415,1480,770,442,590,855,880,980,995,905,360,,,,,,
2019,21,ITA,A,17,12896,4208,1858,900,1650,,,,8688,440,1250,535,523,700,1220,680,880,855,825,580,,,,,,
2019,22,POL,B,,12666,3753,1748,1560,1320,,,,8913,365,1405,585,548,685,815,700,620,860,825,630,,,,,,
2019,23,FRA,B,,12362,4560,2150,820,1720,,,,7802,435,860,520,444,690,740,640,830,1090,785,638,,,,,,
2019,24,GER,B,,12327,4242,1582,1000,1890,,,,8085,440,1370,580,495,770,915,705,520,645,855,560,,,,,,
2019,25,EST,A,18,12034,4094,1384,820,2010,,,,7940,215,1080,620,435,700,1035,625,1140,505,735,730,,,,,,
2019,26,CZE,B,,12003,3317,1417,1020,1170,,,,8686,395,1355,430,431,730,930,905,810,840,720,850,,,,,,
2019,27,SUI,A,19,10892,3388,1213,880,1520,,,,7504,325,1045,445,474,655,600,660,880,835,730,630,,,,,,
2019,28,BUL,A,20,10859,3186,926,540,1730,,,,7673,270,1150,610,313,530,800,770,860,1005,885,470,,,,,,
2019,29,CHN,B,,10809,2772,567,980,1760,,,,8037,405,1160,485,423,445,675,687,570,710,1000,942,,,,,,
2019,30,RUS,A,21,10767,3339,999,460,1490,,,,7428,285,1100,345,428,850,770,780,700,770,980,810,,,,,,
2019,31,NED,B,,10295,3476,1556,880,1320,,,,6819,310,885,530,329,600,755,525,810,875,680,240,,,,,,
2019,32,FIN,A,22,10232,4009,1419,400,1920,,,,6223,380,900,470,263,670,690,705,590,750,525,550,,,,,,
2019,33,UN,UN 6,,10009,2867,952,700,1450,,,,7142,370,1035,510,572,465,860,615,690,780,610,400,,,,,,
2019,34,UN,UN 7,,9856,3052,727,860,1720,,,,6804,400,930,335,504,605,485,585,810,575,830,490,,,,,,
2019,35,UN,UN 4,,9532,3055,1265,620,1320,,,,6477,450,765,605,367,470,585,555,750,645,765,370,,,,,,
2019,36,HUN,C,,9369,3140,1535,540,1120,,,,6229,300,805,415,279,485,725,745,570,770,710,370,,,,,,
2019,37,GRE,A,23,9258,2411,616,580,1290,,,,6847,380,995,645,492,505,775,650,760,710,530,330,,,,,,
2019,38,CRO,A,24,9199,2895,860,480,1610,,,,6304,280,790,495,374,425,720,740,690,640,675,420,,,,,,
2019,39,FRA,C,,8673,2971,1016,540,1520,,,,5702,310,615,490,457,435,355,520,550,585,610,670,,,,,,
2019,40,IND,B,,8227,2706,1071,520,1080,,,,5521,290,990,400,356,555,525,495,500,645,380,420,,,,,,
2019,41,KOR,A,25,8127,2012,1012,480,360,,,,6115,210,735,455,275,640,635,510,500,825,860,630,,,,,,
2019,42,CZE,C,,7849,2679,1029,860,1280,,,,5170,85,675,350,210,370,590,590,470,315,445,580,,,,,,
2019,43,UN,UN 1,,7769,2548,888,540,1200,,,,5221,200,640,510,261,460,590,415,480,475,540,570,,,,,,
2019,44,NED,C,,7720,2254,604,800,1360,,,,5466,350,930,260,316,290,575,530,320,525,620,240,,,,,,
2019,45,RUS,B,,7705,1948,663,560,720,,,,5757,180,835,530,302,565,410,645,430,385,710,770,,,,,,
2019,46,ITA,B,,7396,2287,742,560,1120,,,,5109,180,900,340,224,425,540,450,540,545,360,470,,,,,,
2019,47,SVK,B,,7363,2299,989,360,1040,,,,5064,200,810,340,389,270,620,575,300,465,565,440,,,,,,
2019,48,TUR,B,,7323,1852,627,520,760,,,,5471,320,965,360,286,465,505,540,570,360,555,490,,,,,,
2019,49,UN,UN 2,,7225,2405,885,400,1040,,,,4820,260,605,360,300,480,350,570,260,600,475,640,,,,,,
2019,50,UN,UN 5,,7045,1943,588,460,1000,,,,5102,200,895,445,362,355,610,430,500,295,415,490,,,,,,
2019,51,RUS,C,,6219,1532,502,560,720,,,,4687,140,635,385,212,310,385,555,480,485,480,370,,,,,,
2019,52,EST,C,,5895,2298,788,440,1240,,,,3597,130,470,255,292,270,220,390,350,470,290,290,,,,,,
2019,53,UN,UN 8,,5557,1767,637,260,840,,,,3790,180,580,325,210,290,410,345,390,255,335,500,,,,,,
2019,54,EST,B,,5521,2362,912,700,1120,,,,3159,190,405,60,259,330,280,365,200,170,340,190,,,,,,
2019,55,CRO,B,,5413,2100,735,100,1200,,,,3313,220,550,205,208,165,320,385,200,550,285,290,,,,,,
2019,56,UN,UN 10,,4563,1369,844,220,280,,,,3194,175,410,345,189,245,320,390,220,380,305,240,,,,,,
2019,57,UN,UN 3,,4464,1519,434,380,760,,,,2945,165,420,130,130,325,330,360,270,255,225,280,,,,,,
2019,58,TUR,C,,2983,1015,240,120,600,,,,1968,120,200,200,138,175,130,305,260,100,255,140,,,,,,
2019,59,KOR,C,,2600,576,351,40,120,,,,2024,85,355,180,294,105,295,310,230,20,115,100,,,,,,
2019,60,UN,UN 9,,1173,50,0,20,0,,,,1123,70,165,30,168,50,90,245,60,170,55,50,,,,,,
2019,61,KOR,B,,1115,308,273,0,0,,,,807,20,85,0,97,35,195,90,170,65,35,50,,,,,,
2018,1,JPN,A,4,36570,11360,1960,3600,5800,,,,25210,1700,1320,1875,1415,2750,3090,1665,1745,2020,1580,1630,1875,2545,,,,
2018,2,USA,A,2,34695,11440,2080,3120,6240,,,,23255,745,1380,1405,1680,2565,2725,1900,2175,1565,1105,1545,1530,2935,,,,
2018,3,GER,A,1,32820,9860,2160,3400,4300,,,,22960,1030,1320,2000,1435,2640,2530,1500,1495,1605,1335,1490,1795,2785,,,,
2018,4,HUN,A,3,30705,11200,2240,3480,5480,,,,19505,1250,1180,1430,1155,2045,2560,1125,1585,1380,1305,1265,1335,1890,,,,
2018,5,POL,A,5,29040,10160,2040,3200,4920,,,,18880,905,1115,1420,1305,2095,2440,1115,1140,1465,1435,1115,1230,2100,,,,
2018,6,CZE,A,6,25535,11000,1960,3160,5880,,,,14535,1035,945,825,890,1480,1525,875,730,1205,1095,925,1250,1755,,,,
2018,7,GBR,A,7,25445,8260,1960,2500,3800,,,,17185,1070,975,1260,1075,2055,2000,1190,1140,1265,1245,865,1095,1950,,,,
2018,8,JPN,B,,25436,8930,1800,2250,4880,,,,16506,1085,1055,1155,895,1975,1770,1280,1311,1280,1075,965,1000,1660,,,,
2018,9,SVK,A,8,25285,6090,1150,3440,1500,,,,19195,1195,1155,1250,1220,2060,2305,1200,1710,1255,1265,1110,1315,2155,,,,
2018,10,GER,B,,24555,7620,2120,3000,2500,,,,16935,900,1040,1460,1200,1780,2205,925,1080,1440,870,905,1120,2010,,,,
2018,11,NED,A,9,24410,9540,1880,2500,5160,,,,14870,685,995,985,1130,1445,1925,1110,1245,1025,955,960,1040,1370,,,,
2018,12,UN,UN 1,,24200,9200,2200,3200,3800,,,,15000,1010,885,820,1370,1835,1465,1115,830,1010,935,1030,975,1720,,,,
2018,13,SRB,A,10,23105,5670,1920,250,3500,,,,17435,685,845,1340,1135,2165,2110,1175,1690,1215,1120,1260,1150,1545,,,,
2018,14,USA,B,,23020,8970,750,2500,5720,,,,14050,910,775,1055,940,1595,1355,875,1015,1030,950,985,945,1620,,,,
2018,15,RUS,A,11,21840,9460,1880,2500,5080,,,,12380,760,1025,960,745,1445,1375,865,880,745,975,675,580,1350,,,,
2018,16,IND,A,12,20990,5850,1350,2000,2500,,,,15140,980,835,1015,1085,1530,1595,1040,1105,1255,990,1070,925,1715,,,,
2018,17,GER,C,,20790,7920,1800,1000,5120,,,,12870,535,645,930,900,1695,1565,715,945,790,950,745,1010,1445,,,,
2018,18,TUR,A,13,20760,5960,300,3160,2500,,,,14800,675,990,990,785,1720,2010,1160,1215,1005,790,950,895,1615,,,,
2018,19,FRA,A,14,20200,6500,450,1750,4300,,,,13700,760,790,1065,1140,1480,1580,710,830,1080,1075,795,1040,1355,,,,
2018,20,POL,B,,18250,6200,200,3000,3000,,,,12050,760,660,620,810,1595,1225,470,920,1195,1040,690,865,1200,,,,
2018,21,SVK,B,,18225,6220,600,3120,2500,,,,12005,560,555,1020,1115,1390,1470,875,770,865,570,590,875,1350,,,,
2018,22,UN,UN 4,,18110,4150,1400,750,2000,,,,13960,910,725,1040,415,2000,1235,935,1150,1440,1015,680,910,1505,,,,
2018,23,EST,A,15,17845,6950,1650,1500,3800,,,,10895,425,630,895,715,1235,1190,480,810,970,730,665,860,1290,,,,
2018,24,GER,D,,17670,6670,550,3120,3000,,,,11000,640,645,1080,870,1320,1355,575,620,870,925,510,765,825,,,,
2018,25,CHN,A,16,16415,4100,1100,1500,1500,,,,12315,605,625,1265,1050,1310,1160,485,600,1420,765,800,945,1285,,,,
2018,26,CZE,B,,15690,7200,400,2000,4800,,,,8490,320,345,455,465,845,1005,390,655,730,725,290,590,560,,,,
2018,27,BUL,A,17,15340,4600,600,1000,3000,,,,10740,515,670,890,815,1265,1270,765,775,895,635,545,650,1050,,,,
2018,28,HUN,B,,15275,4300,800,1500,2000,,,,10975,765,825,910,685,1145,1055,680,770,915,870,535,590,1230,,,,
2018,29,SUI,A,18,15155,5250,450,1500,3300,,,,9905,600,410,755,735,1140,1115,765,770,590,760,630,585,1050,,,,
2018,30,NED,B,,14480,4400,150,2250,2000,,,,10080,340,620,875,730,1270,1075,445,705,870,660,730,800,960,,,,
2018,31,FRA,B,,13260,4250,1200,750,2300,,,,9010,570,490,650,660,1195,1120,525,535,620,805,480,525,835,,,,
2018,32,FIN,A,19,12725,4150,1150,1000,2000,,,,8575,710,580,620,620,965,945,565,475,630,650,405,515,895,,,,
2018,33,CAN,A,20,12545,3800,800,1500,1500,,,,8745,505,490,595,645,935,1070,540,590,715,630,515,675,840,,,,
2018,34,UN,UN 6,,12505,5300,1800,1500,2000,,,,7205,420,570,730,450,650,520,240,620,715,615,420,450,805,,,,
2018,35,UN,UN 7,,11940,3700,450,250,3000,,,,8240,520,555,555,460,965,810,335,905,810,700,380,470,775,,,,
2018,36,HUN,C,,11700,2550,50,1000,1500,,,,9150,450,525,735,910,1095,1015,595,455,730,680,365,695,900,,,,
2018,37,UN,UN 2,,11515,3300,1300,500,1500,,,,8215,635,530,470,655,990,770,550,680,600,550,320,490,975,,,,
2018,38,POL,C,,11455,1850,600,250,1000,,,,9605,520,530,775,645,1080,1065,695,530,925,735,465,650,990,,,,
2018,39,UN,UN 10,,10805,2400,650,750,1000,,,,8405,405,460,715,615,840,1165,430,590,560,580,595,525,925,,,,
2018,40,CRO,A,21,10740,2650,400,250,2000,,,,8090,570,525,615,645,935,935,405,570,530,695,620,365,680,,,,
2018,41,RUS,C,,10425,2850,850,500,1500,,,,7575,420,480,535,800,840,970,445,380,540,650,365,405,745,,,,
2018,42,GRE,A,22,10295,3150,150,1500,1500,,,,7145,425,445,440,645,855,950,550,405,485,350,240,575,780,,,,
2018,43,IND,B,,9830,2050,300,250,1500,,,,7780,520,515,500,640,970,830,495,335,715,600,290,620,750,,,,
2018,44,ITA,A,23,8820,1650,650,0,1000,,,,7170,310,480,675,615,880,750,400,450,325,485,415,510,875,,,,
2018,45,FRA,C,,8730,1750,250,500,1000,,,,6980,545,375,660,515,790,545,505,385,525,530,355,455,795,,,,
2018,46,GER,E,,8635,2150,400,750,1000,,,,6485,350,465,470,410,720,750,390,215,555,615,400,540,605,,,,
2018,47,GBR,B,,8120,2500,0,500,2000,,,,5620,310,465,430,360,630,485,325,590,325,285,375,435,605,,,,
2018,48,TUR,B,,8080,1500,0,500,1000,,,,6580,395,435,680,505,735,545,270,175,545,455,375,460,1005,,,,
2018,49,RUS,B,,7365,2350,600,250,1500,,,,5015,305,310,525,485,315,565,180,335,190,380,450,420,555,,,,
2018,50,EST,B,,7255,1400,400,500,500,,,,5855,405,340,380,615,715,900,445,370,155,440,330,370,390,,,,
2018,51,CRO,B,,7060,2350,600,750,1000,,,,4710,240,265,435,345,480,615,240,360,125,395,320,275,615,,,,
2018,52,SVK,C,,7005,1450,200,250,1000,,,,5555,275,330,455,715,615,550,285,360,335,355,270,405,605,,,,
2018,53,UN,UN 5,,6165,950,450,500,0,,,,5215,135,200,385,420,705,575,315,320,350,550,415,325,520,,,,
2018,54,BUL,B,,4635,500,0,0,500,,,,4135,345,300,370,370,290,470,235,400,175,305,165,290,420,,,,
2018,55,KOR,A,24,4585,1300,50,250,1000,,,,3285,280,230,320,285,345,495,140,60,170,205,220,225,310,,,,
2018,56,UN,UN 3,,4465,750,0,250,500,,,,3715,225,190,220,315,595,395,215,145,455,200,215,255,290,,,,
2018,57,UN,UN 8,,3865,800,50,250,500,,,,3065,305,255,230,240,300,300,105,335,240,150,195,360,50,,,,
2018,58,KOR,B,,3660,500,0,0,500,,,,3160,245,265,180,300,380,330,270,295,200,215,155,135,190,,,,
2018,59,CRO,C,,3580,750,0,250,500,,,,2830,230,110,305,210,330,255,85,245,130,235,240,195,260,,,,
2018,60,KOR,C,,1930,1000,0,0,1000,,,,930,60,85,70,10,75,50,55,80,50,145,30,135,85,,,,
2018,61,KOR,D,,1735,250,0,250,0,,,,1485,105,195,90,60,165,100,30,120,165,145,30,155,125,,,,
2018,62,KOR,E,,1450,0,0,0,0,,,,1450,120,155,70,125,135,80,10,115,185,110,0,170,175,,,,
2017,1,JPN,A,1,31000,6571,1840,900,1420,1130,1281,,24429,1170,1645,2785,1750,1225,1350,3540,1635,650,1195,1205,1015,1264,2370,595,620,415
2017,2,USA,A,2,30343,7040,1760,1340,1575,1335,1030,,23303,1080,1765,2370,1690,1070,1525,3415,1365,888,1200,1025,925,1035,2260,490,585,615
2017,3,GER,A,3,28664,6343,1325,1600,1575,1000,843,,22321,980,1370,2525,1410,1155,1400,3330,1435,780,1095,1055,825,1126,1780,710,750,595
2017,4,JPN,B,,27028,5597,1520,860,1575,790,852,,21431,1205,1340,2695,1590,1120,1105,2858,1295,760,1115,1025,870,1218,1735,670,425,405
2017,5,SVK,A,4,21580,5517,1560,850,1575,735,797,,16063,770,1125,2050,1135,795,885,2028,970,595,985,760,485,885,1260,460,255,620
2017,6,USA,B,,20893,4178,925,510,885,735,1123,,16715,715,965,1930,1035,895,1005,2450,960,495,810,620,325,1255,1525,435,535,760
2017,7,GBR,A,5,20495,5571,900,840,1420,1130,1281,,14924,670,930,1710,955,790,1085,1668,680,625,720,600,535,986,1350,555,470,595
2017,8,NED,A,6,19842,4652,725,860,1200,735,1132,,15190,635,785,1565,1060,855,985,2105,980,500,815,545,505,950,1400,445,430,630
2017,9,HUN,A,7,19448,5142,1300,780,1200,940,922,,14306,500,800,1895,895,855,660,1750,760,475,790,550,585,1071,1360,430,305,625
2017,10,FRA,A,8,18523,5049,850,1010,1090,885,1214,,13474,540,770,1480,695,1025,700,1820,975,535,660,430,575,899,1285,380,315,390
2017,11,CHN,A,9,18164,4237,975,850,805,1080,527,,13927,820,720,1650,1090,646,705,1635,840,345,620,520,603,763,1255,760,440,515
2017,12,GER,B,,17971,4723,1000,940,1200,625,958,,13248,555,1015,1730,880,820,875,1230,840,350,760,550,490,903,1275,470,270,235
2017,13,UN,UN 3,,17858,5083,1421,1110,1010,735,807,,12775,715,890,1650,710,840,660,1445,1080,350,670,440,525,935,930,505,360,70
2017,14,CZE,A,10,16322,4291,1000,780,995,630,886,,12031,400,770,1280,965,615,700,1530,865,400,635,345,405,701,1240,425,380,375
2017,15,JPN,C,,16195,3583,525,500,1225,525,808,,12612,665,750,1305,865,625,560,1553,675,375,700,515,625,1039,1230,500,225,405
2017,16,TUR,A,11,16018,3655,1225,330,885,525,690,,12363,600,615,1810,865,735,620,1415,620,430,665,475,550,548,1090,405,310,610
2017,17,SRB,A,12,15835,3503,725,720,710,335,1013,,12332,640,955,1520,710,540,685,1868,815,220,675,605,385,554,1055,335,310,460
2017,18,KOR,A,13,14194,3501,900,550,795,525,731,,10693,700,785,1205,635,535,485,1180,575,360,660,400,325,948,925,505,220,250
2017,19,GBR,B,,12525,3021,200,540,845,685,751,,9504,420,570,1175,495,680,410,1190,670,150,590,245,420,924,470,265,220,610
2017,20,RUS,A,14,12073,2611,525,170,560,340,1016,,9462,320,610,1085,585,635,280,1025,615,330,640,335,120,772,865,375,325,545
2017,21,EST,A,15,11049,2134,175,120,635,555,649,,8915,445,555,1045,430,595,380,915,760,315,595,295,310,850,625,330,180,290
2017,22,UN,UN 4,,10969,2007,300,320,900,0,487,,8962,490,640,1150,440,710,430,1225,345,190,510,420,315,637,695,315,275,175
2017,23,UN,UN 2,,10864,2864,350,490,400,630,994,,8000,405,530,890,545,535,345,716,485,220,350,115,245,799,900,225,285,410
2017,24,ITA,A,16,10454,2862,375,700,685,190,912,,7592,300,485,910,435,555,190,1160,420,385,525,295,130,652,625,315,120,90
2017,25,SUI,A,17,10394,2479,300,570,765,345,499,,7915,565,390,765,445,515,395,1065,675,220,415,330,210,455,640,225,220,385
2017,26,FRA,B,,10062,2152,400,350,560,415,427,,7910,440,520,1160,575,360,210,925,455,210,375,255,225,510,875,295,140,380
2017,27,GER,C,,9675,2292,275,340,755,345,577,,7383,265,535,910,630,425,220,1243,295,265,395,210,195,655,440,310,285,105
2017,28,IND,A,18,9089,2980,400,440,975,545,620,,6109,210,450,875,410,345,355,785,325,235,360,240,235,329,385,265,170,135
2017,29,RUS,C,,9047,2001,300,420,715,155,411,,7046,320,470,620,505,545,285,1075,340,200,415,235,180,631,420,115,365,325
2017,30,RUS,B,,8851,2280,300,100,565,685,630,,6571,280,285,905,430,540,330,608,370,190,435,215,130,778,425,260,140,250
2017,31,TUR,B,,8642,2107,475,100,630,550,352,,6535,300,415,820,420,475,190,823,295,65,365,245,185,622,580,155,205,375
2017,32,UN,UN 5,,8389,1974,300,380,305,545,444,,6415,330,430,570,405,315,245,780,325,120,470,245,175,715,605,365,125,195
2017,33,BUL,A,19,8009,1872,500,440,370,190,372,,6137,355,370,730,170,570,220,755,340,200,275,210,250,572,550,230,140,200
2017,34,UN,UN 1,,7948,1975,275,180,570,335,615,,5973,220,270,620,265,645,205,498,400,115,450,205,80,615,565,150,240,430
2017,35,NED,B,,6577,1164,100,0,290,265,509,,5413,175,370,670,205,335,180,733,340,60,260,190,235,455,515,215,110,365
2017,36,KOR,D,,5533,1337,275,10,550,155,347,,4196,205,255,540,125,335,140,578,240,110,255,130,195,393,195,240,150,110
2017,37,IND,B,,4200,1092,75,110,380,155,372,,3108,130,180,210,195,285,135,445,165,65,175,165,100,250,238,75,100,195
2017,38,KOR,E,,3124,685,100,50,480,0,55,,2439,100,95,315,120,170,30,320,185,45,205,45,40,229,195,30,95,220
2017,39,UN,UN 7,,2192,253,0,20,0,0,233,,1939,90,105,160,105,65,65,163,145,15,205,60,0,371,165,75,120,30
2017,40,KOR,G,,1991,453,163,100,190,0,0,,1538,15,80,115,35,180,0,163,75,20,130,70,15,305,75,60,0,200
2017,41,KOR,B,,1970,705,0,20,460,155,70,,1265,55,40,75,95,125,35,130,105,50,155,20,15,75,120,60,25,85
2017,42,UN,UN 9,,1742,250,0,0,95,155,0,,1492,55,70,105,85,125,30,145,35,15,145,20,65,247,165,0,15,170
2017,43,KOR,F,,1193,521,0,0,20,180,321,,672,55,130,40,0,45,15,33,35,20,65,20,0,144,35,30,0,5
2017,44,UN,UN 10,,740,0,0,0,0,0,0,,740,15,25,85,55,95,0,65,105,15,55,55,0,120,10,0,0,40
2016,1,JPN,A,2,32744,6785,1365,2280,1480,1660,,,25959,1070,3680,2557,1513,2166,441,531,2778,4894,944,1255,2909,1221,,,,
2016,2,GER,A,1,29271,5940,1225,1775,1360,1580,,,23331,950,3207,2148,1432,1999,359,657,2374,4485,762,1153,2791,1014,,,,
2016,3,USA,A,3,26369,4000,1120,875,880,1125,,,22370,1038,3600,2048,1618,1588,310,706,1732,4121,1123,940,2646,900,,,,
2016,4,HUN,A,4,22817,4770,910,1175,1560,1125,,,18047,780,2669,1413,1081,1694,505,428,1522,3825,771,514,2017,828,,,,
2016,5,GER,B,,24635,4315,1085,1100,880,1250,,,20320,650,3037,1980,1147,1632,234,506,1874,4298,867,757,2582,756,,,,
2016,6,CZE,A,5,22594,4255,945,1500,685,1125,,,18339,790,2583,2105,985,1613,354,464,1647,3552,679,530,2070,967,,,,
2016,7,JPN,B,,21752,3425,910,400,1115,1000,,,18327,790,3020,1607,1207,1313,371,645,1862,3448,628,669,1895,872,,,,
2016,8,USA,B,,21374,4790,665,1900,685,1540,,,16584,890,2518,1781,1101,1136,236,468,1319,2919,721,758,2015,722,,,,
2016,9,POL,A,6,20476,2940,910,400,880,750,,,17536,980,2483,1278,1106,1254,212,470,1666,3561,960,745,1955,866,,,,
2016,10,AUT,A,7,19817,3690,805,1475,410,1000,,,16147,790,2255,1725,1152,1362,368,413,1518,2935,546,597,1823,663,,,,
2016,11,FRA,A,8,19568,3870,1015,975,880,1000,,,15701,960,2037,1307,885,1311,269,447,1537,3243,663,512,1901,629,,,,
2016,12,SRB,A,9,19272,3070,735,900,685,750,,,16202,880,2376,1787,1014,1231,84,388,1373,3120,437,669,2050,793,,,,
2016,13,IND,A,10,18289,2945,665,775,880,625,,,15344,640,2398,1493,1026,1033,123,374,1274,3433,654,493,1685,718,,,,
2016,14,GBR,A,11,17221,3345,840,1025,605,875,,,13876,700,2177,1086,898,790,321,367,1540,2059,468,635,2135,700,,,,
2016,15,TUR,A,12,16697,2425,630,275,770,750,,,14272,320,2141,1467,840,1246,264,422,1281,3061,422,434,1686,688,,,,
2016,16,CHN,A,13,16286,3310,1015,750,920,625,,,12976,640,2115,1478,686,1078,120,308,1654,2256,427,518,1308,388,,,,
2016,17,SVK,A,14,15176,2545,735,375,685,750,,,12631,720,1777,1305,434,1134,205,432,1039,2257,480,440,1673,735,,,,
2016,18,EST,A,15,14998,2645,560,900,685,500,,,12353,660,1689,994,688,1024,220,255,1251,2482,616,386,1505,583,,,,
2016,19,GER,C,,14970,2760,630,900,605,625,,,12210,470,1513,1287,622,1091,233,389,891,2453,402,457,1631,771,,,,
2016,20,RUS,A,16,13834,2020,560,425,410,625,,,11814,790,1860,1137,625,967,84,466,1189,2514,456,374,1050,302,,,,
2016,21,FRA,B,,13518,2005,735,0,645,625,,,11513,770,1427,1162,715,1264,300,297,792,1949,344,462,1390,641,,,,
2016,22,POL,B,,13187,1940,595,200,520,625,,,11047,450,1524,1016,711,888,120,460,1186,2228,129,472,1187,676,,,,
2016,23,NED,A,17,12912,1570,700,250,245,375,,,11345,780,1516,820,685,941,148,461,1062,2192,443,413,1305,579,,,,
2016,24,FIN,A,18,12813,2225,350,725,525,625,,,10588,1140,1299,831,443,799,269,355,1057,1930,317,468,1080,600,,,,
2016,25,HUN,B,,12430,2375,665,550,660,500,,,10035,600,1235,774,543,868,84,238,1200,2297,275,250,1379,292,,,,
2016,26,ITA,A,19,12410,2370,805,375,440,750,,,10040,660,1309,748,575,1117,269,335,885,1885,435,289,1107,426,,,,
2016,27,GBR,B,,11853,2420,840,250,330,1000,,,9433,590,1006,1078,527,943,120,243,943,1916,347,176,1173,371,,,,
2016,28,GRE,A,20,11835,2060,525,500,410,625,,,9775,290,1417,570,570,916,84,310,873,2100,487,346,1340,472,,,,
2016,29,CZE,B,,11673,2055,630,150,525,750,,,9618,780,1215,1129,709,782,120,280,904,1441,345,202,1188,523,,,,
2016,30,IND,B,,11438,1475,455,125,520,375,,,9963,580,1484,1047,671,716,56,188,971,1951,323,169,1333,474,,,,
2016,31,NED,B,,11252,2080,560,0,770,750,,,9172,610,1280,799,607,749,84,319,951,1744,428,227,975,399,,,,
2016,32,SUI,A,21,10266,1050,385,125,165,375,,,9216,670,1305,893,534,640,128,352,733,1856,261,337,1107,400,,,,
2016,33,BLR,A,22,10082,2030,455,25,800,750,,,8052,370,1215,801,352,955,56,231,649,1364,331,168,1181,379,,,,
2016,34,RUS,B,,9937,1425,490,150,410,375,,,8512,300,1152,746,480,870,92,386,931,1646,352,164,988,405,,,,
2016,35,CZE,C,,9858,1780,525,425,330,500,,,8078,440,1160,1104,534,602,84,181,699,1594,136,216,920,408,,,,
2016,36,TUR,B,,9638,1330,665,250,165,250,,,8308,270,1109,689,627,856,84,250,956,1374,257,354,1120,362,,,,
2016,37,UN,UN 5,,9617,1430,490,150,165,625,,,8187,460,956,890,582,859,84,151,778,1325,493,271,840,498,,,,
2016,38,CRO,A,23,9108,1575,805,25,245,500,,,7533,540,972,599,462,709,56,232,698,1624,291,291,902,157,,,,
2016,39,UN,UN 2,,9093,1500,455,50,745,250,,,7593,370,666,819,294,701,177,268,912,1335,357,219,969,506,,,,
2016,40,UN,UN 3,,9065,1705,490,275,440,500,,,7380,490,762,770,382,522,169,198,839,1633,142,177,873,423,,,,
2016,41,BUL,A,24,8871,1290,560,25,330,375,,,7581,440,1132,711,480,569,56,268,871,1406,103,359,908,278,,,,
2016,42,HUN,C,,8559,1145,455,150,165,375,,,7414,410,998,606,275,811,56,149,545,1740,183,177,980,484,,,,
2016,43,UN,UN 4,,7979,1390,770,0,245,375,,,6589,490,926,508,294,615,28,132,550,1369,180,250,943,304,,,,
2016,44,TUR,C,,7463,715,105,125,360,125,,,6748,640,903,699,277,343,28,179,797,1466,77,178,780,381,,,,
2016,45,RUS,C,,7383,1203,143,25,410,625,,,6180,640,891,566,337,650,120,146,476,1143,229,80,606,296,,,,
2016,46,SVK,B,,7010,1185,420,75,440,250,,,5825,430,830,853,127,478,84,151,524,994,163,163,655,373,,,,
2016,47,KOR,A,25,6728,480,455,25,0,0,,,6248,520,926,452,208,563,64,352,750,964,188,199,760,302,,,,
2016,48,UN,UN 1,,6408,945,455,75,165,250,,,5463,400,664,611,190,554,212,238,478,1061,26,104,650,275,,,,
2016,49,HUN,D,,4833,675,140,150,135,250,,,4158,460,392,239,193,551,92,219,537,565,118,149,513,130,,,,
2016,50,KOR,B,,790,0,0,0,0,0,,,790,40,60,70,66,81,28,40,116,174,0,0,115,0,,,,
2015,1,GER,A,1,26225,8420,980,3400,4040,,,,17805,1050,1940,2515,1725,1055,500,1150,1590,2875,870,2535,,,,,,
2015,2,JPN,A,2,24730,6650,970,2400,3280,,,,18080,1635,2040,2260,1400,830,1000,1370,1850,2755,930,2010,,,,,,
2015,3,GER,B,,24388,8085,645,3320,4120,,,,16303,1213,1770,2650,1375,1280,500,735,1520,2345,805,2110,,,,,,
2015,4,USA,A,3,23815,6960,680,2400,3880,,,,16855,1075,1600,2395,1410,1110,1500,1010,1445,2405,815,2090,,,,,,
2015,5,HUN,A,4,21388,6458,778,1800,3880,,,,14930,1195,1495,1910,1370,1155,500,975,1465,2300,665,1900,,,,,,
2015,6,CZE,A,5,20280,6200,640,1800,3760,,,,14080,1115,1565,2405,1080,1220,500,725,1070,1935,685,1780,,,,,,
2015,7,JPN,B,,20200,6235,555,2400,3280,,,,13965,1375,1475,1720,1310,555,1000,815,1165,2250,775,1525,,,,,,
2015,8,SVK,A,6,18942,4902,262,1200,3440,,,,14040,1290,1520,1840,1135,1210,500,670,1195,2245,715,1720,,,,,,
2015,9,GBR,A,7,18855,6335,495,2400,3440,,,,12520,1110,1315,1525,1245,715,500,775,1040,2145,655,1495,,,,,,
2015,10,POL,A,8,17645,4240,440,1800,2000,,,,13405,1090,1595,1500,1230,1210,1000,740,860,2050,595,1535,,,,,,
2015,11,UN,UN 6,,17270,5915,515,1800,3600,,,,11355,890,1140,1945,975,845,500,560,900,1925,600,1075,,,,,,
2015,12,SRB,A,9,17065,6380,620,1800,3960,,,,10685,1030,1035,1645,900,655,500,575,895,1545,585,1320,,,,,,
2015,13,IND,A,10,16985,5385,385,1800,3200,,,,11600,945,1345,1530,950,570,500,740,1275,1860,585,1300,,,,,,
2015,14,FRA,A,11,16815,5540,380,1800,3360,,,,11275,910,1130,1600,1105,705,500,765,985,1925,665,985,,,,,,
2015,15,NED,A,12,16430,5060,460,1800,2800,,,,11370,910,1180,1835,1025,680,500,745,920,1855,515,1205,,,,,,
2015,16,TUR,A,13,14140,3650,50,1200,2400,,,,10490,990,1175,1715,1150,600,0,720,880,1770,500,990,,,,,,
2015,17,CHN,A,14,13855,3785,585,1200,2000,,,,10070,710,1020,2010,500,485,500,1005,815,1360,505,1160,,,,,,
2015,18,SVK,B,,12530,4580,380,1800,2400,,,,7950,640,815,1380,595,510,0,570,460,1420,395,1165,,,,,,
2015,19,CZE,B,,12150,4730,90,1200,3440,,,,7420,480,960,1215,505,640,0,390,705,1215,380,930,,,,,,
2015,20,POL,B,,11320,3555,555,600,2400,,,,7765,660,790,1295,365,635,0,710,620,1395,345,950,,,,,,
2015,21,ROU,A,15,11240,3030,30,600,2400,,,,8210,595,855,1210,765,405,500,335,1050,1145,415,935,,,,,,
2015,22,UN,UN 5,,10910,2370,170,600,1600,,,,8540,485,1035,1625,665,800,0,265,935,1435,460,835,,,,,,
2015,23,ITA,A,16,10780,2720,120,600,2000,,,,8060,755,1085,1250,570,200,500,435,700,1195,435,935,,,,,,
2015,24,UN,UN 3,,10495,4920,320,1800,2800,,,,5575,555,610,685,455,260,0,485,465,1240,310,510,,,,,,
2015,25,HUN,B,,10440,2720,120,600,2000,,,,7720,695,835,1150,390,625,500,420,810,1060,350,885,,,,,,
2015,26,EST,A,17,10235,2990,190,1200,1600,,,,7245,690,755,1210,565,500,0,285,685,1355,360,840,,,,,,
2015,27,UN,UN 7,,10190,3080,280,0,2800,,,,7110,710,895,930,460,400,0,415,755,1185,355,1005,,,,,,
2015,28,GRE,A,18,8895,2420,220,600,1600,,,,6475,605,940,1010,560,550,0,370,390,1115,365,570,,,,,,
2015,29,RUS,A,19,8890,2160,160,1200,800,,,,6730,535,525,720,695,365,500,465,405,1450,390,680,,,,,,
2015,30,UN,UN 4,,8500,970,170,0,800,,,,7530,690,815,980,530,680,500,405,595,1300,340,695,,,,,,
2015,31,UN,UN 1,,8420,1490,90,600,800,,,,6930,615,800,1350,515,505,0,365,710,915,425,730,,,,,,
2015,32,CZE,C,,8315,1360,160,1200,0,,,,6955,470,720,1150,435,595,0,530,860,1185,330,680,,,,,,
2015,33,SUI,A,20,7635,1470,270,0,1200,,,,6165,350,620,915,500,570,500,335,480,970,330,595,,,,,,
2015,34,CRO,A,21,7060,1750,350,600,800,,,,5310,395,890,835,295,290,0,310,490,1170,240,395,,,,,,
2015,35,IND,B,,6895,1270,70,0,1200,,,,5625,350,695,1160,275,450,0,345,545,890,360,555,,,,,,
2015,36,FIN,A,22,6770,270,270,0,0,,,,6500,725,745,915,380,450,0,430,575,1245,305,730,,,,,,
2015,37,TUR,C,,6420,1890,90,600,1200,,,,4530,580,565,655,380,310,0,355,705,500,240,240,,,,,,
2015,38,NED,B,,6340,1730,130,0,1600,,,,4610,315,530,785,330,300,0,315,700,640,255,440,,,,,,
2015,39,GBR,B,,5230,810,10,0,800,,,,4420,460,635,460,300,215,0,410,395,860,305,380,,,,,,
2015,40,UN,UN 8,,4945,810,10,0,800,,,,4135,60,585,670,510,425,0,195,435,755,260,240,,,,,,
2015,41,UN,UN 2,,4820,220,220,0,0,,,,4600,435,390,760,355,20,0,310,365,1060,295,610,,,,,,
2015,42,SVK,C,,4085,400,0,0,400,,,,3685,220,220,640,155,150,500,320,555,605,165,155,,,,,,
2015,43,TUR,B,,3825,840,40,0,800,,,,2985,380,260,585,240,145,0,115,335,340,245,340,,,,,,
2015,44,BUL,A,23,3780,830,30,0,800,,,,2950,175,305,425,140,190,0,145,470,550,155,395,,,,,,
2015,45,KOR,A,24,2560,840,40,0,800,,,,1720,220,250,320,40,0,0,195,210,265,120,100,,,,,,
2015,46,KOR,B,,1575,0,0,0,0,,,,1575,140,135,330,75,0,500,70,100,140,85,0,,,,,,
2014,1,GER,A,1,57320,16420,5640,4980,5800,,,,40900,2965,2205,6820,2780,1600,1690,2600,3540,6475,3760,3620,2845,,,,,
2014,2,JPN,A,2,53462.5,13140,4800,5520,2820,,,,40322.5,2840,2285,7150,2650,1320,2090,2430,3797.5,5600,4370,3670,2120,,,,,
2014,3,USA,A,3,51041.25,13760,5520,3300,4940,,,,37281.25,2270,1805,6826.25,1980,1910,1740,2390,2810,6060,3825,3550,2115,,,,,
2014,4,GER,B,,49830,13860,5460,5460,2940,,,,35970,2370,2130,5830,2500,1440,1740,2700,3230,5600,3640,3340,1450,,,,,
2014,5,SVK,A,4,48320,12180,4680,5040,2460,,,,36140,2360,1780,6410,2240,1180,1920,2220,3510,6000,3490,3000,2030,,,,,
2014,6,CZE,A,5,43295,12190,5220,3330,3640,,,,31105,1960,1455,5920,2530,1250,1580,1980,2670,4600,2910,2760,1490,,,,,
2014,7,HUN,A,6,42968.75,11840,5340,3480,3020,,,,31128.75,2368.75,1270,5670,2000,1360,1580,2390,2620,4600,3220,2600,1450,,,,,
2014,8,NED,A,7,42615,13970,5220,5880,2870,,,,28645,2175,1700,5090,2100,1250,1570,1770,2480,3800,2560,2610,1540,,,,,
2014,9,GBR,A,8,41248.75,12840,5220,5280,2340,,,,28408.75,2013.75,1510,5360,1740,1130,1430,1830,2755,4000,2550,3010,1080,,,,,
2014,10,POL,A,9,39510,11500,4620,3480,3400,,,,28010,1890,1390,5450,2030,990,1570,1310,2580,4000,2930,2660,1210,,,,,
2014,11,TUR,A,10,39040,10920,4500,4140,2280,,,,28120,1960,1350,5320,2040,1570,1500,1710,2400,3600,2730,2660,1280,,,,,
2014,12,CAN,A,11,37075,12680,4440,4080,4160,,,,24395,1730,1415,4320,1650,1170,1420,1730,2060,3400,2230,1910,1360,,,,,
2014,13,AUT,A,12,35625,9120,2400,4560,2160,,,,26505,2020,1675,4840,1830,1200,1540,1870,1990,4000,2460,1950,1130,,,,,
2014,14,CHN,A,13,35505,11280,5760,3060,2460,,,,24225,2005,1370,4410,1780,830,1440,1360,1990,3200,2810,2190,840,,,,,
2014,15,FRA,A,14,35050,10680,4440,4260,1980,,,,24370,1660,1450,4680,1910,1200,1250,1750,1940,3200,2290,1940,1100,,,,,
2014,16,IND,A,15,33985,9180,2400,4740,2040,,,,24805,1680,1035,4530,1710,640,1170,1710,2180,3200,2790,2620,1540,,,,,
2014,17,USA,B,,33320,9720,4380,3180,2160,,,,23600,1720,1210,5090,1570,1640,1230,1620,1580,2400,2030,2030,1480,,,,,
2014,18,UN,UN 3,,30790,10380,3660,4440,2280,,,,20410,1380,1120,3550,1650,1120,970,1270,1590,3200,2060,1520,980,,,,,
2014,19,UN,UN 6,,30605,10380,4560,3900,1920,,,,20225,1330,1015,3520,1400,910,1120,1380,1810,2800,1970,2040,930,,,,,
2014,20,SRB,A,16,28815,7160,4740,2020,400,,,,21655,1500,1330,4165,1770,890,1180,1710,1560,2200,1930,1990,1430,,,,,
2014,21,EST,A,17,28310,10200,4200,3960,2040,,,,18110,1320,870,3640,1440,1010,1180,1310,1400,1400,1930,1610,1000,,,,,
2014,22,FIN,A,18,25505,7710,2400,3330,1980,,,,17795,1240,1055,3570,1280,890,1100,1260,1570,1800,1690,1540,800,,,,,
2014,23,SVK,B,,25480,7460,3660,2500,1300,,,,18020,1270,1100,3340,1480,680,960,1620,1240,2200,1970,1400,760,,,,,
2014,24,FRA,B,,25030,8180,3780,2700,1700,,,,16850,1060,670,2670,1650,990,1010,1550,1040,2200,1980,1360,670,,,,,
2014,25,GRE,A,19,24020,7200,3900,2400,900,,,,16820,1120,630,3490,1070,570,1060,1150,1660,2600,1340,1600,530,,,,,
2014,26,POL,B,,23000,6700,2400,2200,2100,,,,16300,1090,950,2850,1180,680,950,1090,1560,2400,1460,1630,460,,,,,
2014,27,UN,UN 4,,20525,7780,2400,2920,2460,,,,12745,910,765,2250,1070,980,540,750,910,1200,1560,1410,400,,,,,
2014,28,UN,UN 9,,20160,7380,2400,3000,1980,,,,12780,980,670,1950,980,640,550,910,1230,1800,1340,1000,730,,,,,
2014,29,HUN,B,,20020,5720,2400,2920,400,,,,14300,970,530,3150,1070,740,540,730,660,2200,1200,1400,1110,,,,,
2014,30,SUI,A,20,19290,6220,2400,2920,900,,,,13070,1040,560,2410,1050,780,590,870,1190,1400,1240,1120,820,,,,,
2014,31,UN,UN 1,,18990,7090,2400,2590,2100,,,,11900,940,540,2160,1030,1110,700,770,900,800,1180,1200,570,,,,,
2014,32,UN,UN 7,,18600,6220,2400,2920,900,,,,12380,780,720,2470,890,600,610,1010,1120,1000,1410,1130,640,,,,,
2014,33,CZE,B,,18250,5700,2400,2100,1200,,,,12550,850,400,2100,1330,760,690,960,1300,1200,1030,1060,870,,,,,
2014,34,TUR,B,,16860,4760,2400,1960,400,,,,12100,910,850,2460,860,480,590,800,1000,1400,1160,1260,330,,,,,
2014,35,UN,UN 5,,16130,4650,2400,1750,500,,,,11480,1120,690,2360,700,630,580,690,770,1400,950,920,670,,,,,
2014,36,RUS,A,21,15850,5590,2400,1890,1300,,,,10260,1230,700,1610,510,550,710,770,850,1400,800,630,500,,,,,
2014,37,UN,UN 2,,13620,2950,1200,850,900,,,,10670,800,490,2070,920,580,510,530,760,1400,1070,1190,350,,,,,
2014,38,KOR,A,22,12620,5760,2400,2460,900,,,,6860,470,260,1730,620,390,500,350,550,600,420,580,390,,,,,
2014,39,UN,UN 8,,12330,5460,2400,1960,1100,,,,6870,560,410,1630,470,140,480,480,400,600,750,500,450,,,,,
2014,40,UN,UN 10,,5740,780,0,780,0,,,,4960,390,250,1220,730,380,150,380,280,0,410,420,350,,,,,
2014,41,KOR,B,,2880,900,900,0,0,,,,1980,210,180,540,230,250,190,30,40,200,80,30,0,,,,,
2013,1,USA,A,1,26376,7982,2960,2272,2750,,,,18394,1810,945,2158,2028,0,1938,3580,2455,885,1050,1545,,,,,,
2013,2,GER,A,2,24962,7860,2570,2570,2720,,,,17102,1655,760,1538,1275,1533,1541,3490,2540,650,920,1200,,,,,,
2013,3,JPN,A,3,24356,7740,2360,2540,2840,,,,16616,1625,880,1364,1604,1266,1243,3550,2095,765,1024,1200,,,,,,
2013,4,SVK,A,4,22495,7560,2750,2180,2630,,,,14935,1720,745,1204,1183,1165,1208,3150,2320,445,605,1190,,,,,,
2013,5,JPN,B,,22296,6310,2570,1840,1900,,,,15986,1720,630,1078,1894,1346,1056,3440,2300,490,882,1150,,,,,,
2013,6,POL,A,5,20042,6390,2000,2360,2030,,,,13652,1225,815,1094,895,1026,942,3190,2105,535,795,1030,,,,,,
2013,7,GER,B,,19260,7110,2360,2180,2570,,,,12150,1125,705,931,971,701,792,3100,1695,320,905,905,,,,,,
2013,8,GBR,A,6,19066,5900,2030,1780,2090,,,,13166,1455,555,858,1282,1044,952,3010,1785,550,815,860,,,,,,
2013,9,TUR,A,7,18816,5670,1250,2150,2270,,,,13146,1440,700,802,1242,1094,918,3030,1985,420,795,720,,,,,,
2013,10,CZE,A,8,18742,6380,1750,2330,2300,,,,12362,1455,620,1062,727,919,1004,2330,2140,505,680,920,,,,,,
2013,11,CAN,A,9,17287,5960,2000,1780,2180,,,,11327,1270,545,1030,934,883,715,2500,1205,590,725,930,,,,,,
2013,12,CHN,A,10,17027,4670,1250,1300,2120,,,,12357,1250,710,744,986,1117,845,2710,1885,555,705,850,,,,,,
2013,13,FRA,A,11,16789,5764,1774,1840,2150,,,,11025,1400,570,708,720,847,715,2400,1665,405,740,855,,,,,,
2013,14,USA,B,,16621,5510,1250,1840,2420,,,,11111,1190,630,903,1161,0,1207,2280,1470,570,870,830,,,,,,
2013,15,IND,A,12,16205,5000,1750,1520,1730,,,,11205,1220,565,1135,0,1289,1126,2420,1655,270,610,915,,,,,,
2013,16,UN,UN 8,,15969,5400,1500,1840,2060,,,,10569,1025,545,832,806,788,983,2300,1465,335,720,770,,,,,,
2013,17,CRO,A,13,15791,5520,1250,2000,2270,,,,10271,1005,470,870,600,872,709,2620,1375,250,730,770,,,,,,
2013,18,SRB,A,14,15226,4800,750,1840,2210,,,,10426,980,615,1011,1379,856,0,2190,1600,395,650,750,,,,,,
2013,19,NED,A,15,13923,5480,2240,1680,1560,,,,8443,675,420,0,1062,1146,824,1556,1120,295,595,750,,,,,,
2013,20,UN,UN 4,,13837,4200,1500,1520,1180,,,,9637,1005,375,407,711,976,889,2240,1240,444,720,630,,,,,,
2013,21,SVK,B,,13520,4520,1500,1180,1840,,,,9000,665,380,584,508,712,751,2630,1095,310,735,630,,,,,,
2013,22,RUS,A,16,13424,4732,1250,1460,2022,,,,8692,725,420,619,388,676,639,2100,1310,455,650,710,,,,,,
2013,23,CZE,B,,12667,4300,1250,1560,1490,,,,8367,1035,290,372,656,769,622,1688,1120,500,675,640,,,,,,
2013,24,UN,UN 5,,12514,4890,1500,1840,1550,,,,7624,865,455,295,591,407,505,2006,960,310,605,625,,,,,,
2013,25,HUN,A,17,12029,4770,1000,1620,2150,,,,7259,775,335,315,424,269,591,1790,1225,285,615,635,,,,,,
2013,26,UN,UN 10,,11543,4240,1500,1280,1460,,,,7303,800,280,668,416,384,525,1650,1080,250,700,550,,,,,,
2013,27,KOR,A,18,11037,4470,1750,1680,1040,,,,6567,680,420,443,295,359,440,1350,800,430,700,650,,,,,,
2013,28,EST,A,19,10269,3540,1000,1080,1460,,,,6729,685,370,231,545,545,638,1450,1035,250,640,340,,,,,,
2013,29,UN,UN 9,,9992,3560,750,1460,1350,,,,6432,685,170,224,443,506,739,1340,920,270,670,465,,,,,,
2013,30,UN,UN 1,,9099,3370,750,1460,1160,,,,5729,575,305,415,359,452,518,1200,510,330,645,420,,,,,,
2013,31,UN,UN 3,,8982,2920,750,1080,1090,,,,6062,465,290,238,516,325,588,1455,830,350,580,425,,,,,,
2013,32,CAN,B,,8455,2790,750,840,1200,,,,5665,620,240,217,675,595,453,1000,625,290,550,400,,,,,,
2013,33,UN,UN 11,,7978,3270,1000,1080,1190,,,,4708,450,310,442,282,229,480,1050,715,100,325,325,,,,,,
2013,34,SUI,A,20,7910,2710,1000,1140,570,,,,5200,545,335,280,443,211,306,1150,790,190,465,485,,,,,,
2013,35,UN,UN 7,,7723,3480,750,1620,1110,,,,4243,570,115,224,258,520,601,650,520,180,400,205,,,,,,
2013,36,UN,UN 6,,7387,2300,250,1060,990,,,,5087,640,300,245,229,219,417,1282,665,240,530,320,,,,,,
2013,37,CHN,B,,7363,2550,500,1020,1030,,,,4813,665,230,245,258,473,467,550,720,355,410,440,,,,,,
2013,38,RUS,B,,7060,2400,750,820,830,,,,4660,415,280,266,470,260,454,1000,530,150,465,370,,,,,,
2013,39,UN,UN 2,,3706,1240,250,480,510,,,,2466,280,90,112,82,155,332,450,305,130,250,280,,,,,,
2012,1,GER,A,1,4072,555,370,185,,,,,3517,219,591,356,258,428,253,250,144,447,246,325,,,,,,
2012,2,JPN,A,2,4045,610,400,210,,,,,3435,164,607,372,218,537,284,234,122,328,176,393,,,,,,
2012,3,USA,A,3,3792,440,315,125,,,,,3352,224,503,371,159,383,268,206,135,451,245,407,,,,,,
2012,4,HUN,A,4,3485,303,170,133,,,,,3182,191,466,299,214,410,208,213,99,391,209,482,,,,,,
2012,5,SVK,A,5,3250,380,270,110,,,,,2870,147,404,273,199,455,225,190,135,368,205,269,,,,,,
2012,6,CZE,A,6,3003,403,220,183,,,,,2600,120,436,202,175,320,231,184,98,361,192,281,,,,,,
2012,7,GER,B,,2820,441,340,101,,,,,2379,186,330,193,179,373,181,168,128,277,152,212,,,,,,
2012,8,FRA,A,7,2763,433,340,93,,,,,2330,138,363,232,135,295,188,132,114,287,141,305,,,,,,
2012,9,SRB,A,8,2615,315,175,140,,,,,2300,181,397,192,115,274,188,154,116,305,104,274,,,,,,
2012,10,POL,A,9,2553,313,250,63,,,,,2240,141,372,211,108,350,195,122,103,336,180,122,,,,,,
2012,11,USA,B,,2468,412,275,137,,,,,2056,132,300,148,126,246,164,136,96,364,114,230,,,,,,
2012,12,TUR,A,10,2431,345,235,110,,,,,2086,157,266,221,173,314,199,166,73,277,118,122,,,,,,
2012,13,UN,UN 2,,2428,319,191,128,,,,,2109,142,273,205,129,300,212,132,96,323,112,185,,,,,,
2012,14,GBR,A,11,2361,300,210,90,,,,,2061,92,278,204,124,236,143,135,111,313,125,300,,,,,,
2012,15,IND,A,12,2347,295,155,140,,,,,2052,130,333,208,93,246,162,137,98,324,130,191,,,,,,
2012,16,NED,A,13,2319,213,160,53,,,,,2106,170,294,215,133,313,166,117,101,261,91,245,,,,,,
2012,17,CZE,B,,2262,384,259,125,,,,,1878,111,258,168,128,200,146,121,96,293,109,248,,,,,,
2012,18,JPN,B,,2226,307,254,53,,,,,1919,112,306,196,132,224,169,141,64,347,98,130,,,,,,
2012,19,ITA,A,14,2130,318,290,28,,,,,1812,123,249,173,157,249,186,102,63,286,76,148,,,,,,
2012,20,UN,UN 5,,2045,277,202,75,,,,,1768,60,360,143,111,179,141,101,100,325,122,126,,,,,,
2012,21,HUN,B,,1949,244,188,56,,,,,1705,80,208,164,125,225,131,125,73,226,113,235,,,,,,
2012,22,EST,A,15,1897,240,165,75,,,,,1657,90,234,147,124,192,128,93,64,257,96,232,,,,,,
2012,23,SVK,B,,1822,261,191,70,,,,,1561,109,219,103,122,231,111,77,47,232,105,205,,,,,,
2012,24,UN,UN 4,,1791,258,206,52,,,,,1533,97,195,136,115,247,146,81,52,229,93,142,,,,,,
2012,25,UN,UN 1,,1744,242,164,78,,,,,1502,89,220,172,117,186,90,91,82,268,87,100,,,,,,
2012,26,FIN,A,16,1651,215,180,35,,,,,1436,102,191,151,96,194,132,114,76,170,96,114,,,,,,
2012,27,GRE,A,17,1641,275,190,85,,,,,1366,85,195,119,64,203,126,95,51,209,133,86,,,,,,
2012,28,UN,UN 8,,1631,271,176,95,,,,,1360,66,232,134,99,188,83,88,50,225,93,102,,,,,,
2012,29,FRA,B,,1626,263,228,35,,,,,1363,83,173,152,77,196,125,82,45,204,114,112,,,,,,
2012,30,CRO,A,18,1467,265,200,65,,,,,1202,69,192,122,78,161,89,65,44,203,85,94,,,,,,
2012,31,GBR,B,,1412,202,192,10,,,,,1210,78,211,62,51,168,94,66,47,213,132,88,,,,,,
2012,32,UN,UN 7,,1401,234,176,58,,,,,1167,66,175,95,93,124,111,73,40,205,99,86,,,,,,
2012,33,SUI,A,19,1330,196,185,11,,,,,1134,68,192,89,97,145,61,62,59,149,64,148,,,,,,
2012,34,UN,UN 6,,1279,222,163,59,,,,,1057,80,174,61,51,148,93,66,47,211,50,76,,,,,,
2012,35,TUR,B,,1198,211,151,60,,,,,987,67,96,97,59,122,94,52,36,180,78,106,,,,,,
2012,36,UN,UN 3,,915,246,195,51,,,,,669,59,101,64,18,117,36,43,21,116,44,50,,,,,,
2011,1,USA,A,1,20447,3912,1160,1192,1560,,,,16535,885,2035,800,685,2020,585,1400,985,1155,2445,1520,2020,,,,,
2011,2,GER,A,2,20304,4200,800,1600,1800,,,,16104,900,2020,1020,410,2175,515,1225,920,1429,2145,1575,1770,,,,,
2011,3,JPN,A,3,18026,3250,600,1600,1050,,,,14776,775,1740,530,375,1695,510,1330,900,1331,1965,1695,1930,,,,,
2011,4,GER,B,,17499,3359,860,1449,1050,,,,14140,835,1740,1125,550,1595,490,1090,675,1100,1905,1515,1520,,,,,
2011,5,SVK,A,4,15819,2204,300,1154,750,,,,13615,860,1625,1080,445,1370,430,1150,655,935,1825,1600,1640,,,,,
2011,6,NED,A,5,14650,2428,700,978,750,,,,12222,620,1565,820,450,1250,550,927,675,770,1790,1365,1440,,,,,
2011,7,POL,A,6,14374,2366,300,1166,900,,,,12008,680,1550,775,310,1520,420,1080,560,748,1555,1350,1460,,,,,
2011,8,TUR,A,7,14022,2044,600,994,450,,,,11978,695,1505,815,520,1375,485,1110,550,748,1665,1200,1310,,,,,
2011,9,CZE,A,8,13643,1740,200,490,1050,,,,11903,730,1495,790,625,1315,470,990,515,858,1800,975,1340,,,,,
2011,10,FRA,A,9,13144,2040,500,790,750,,,,11104,525,1400,570,300,1430,465,980,535,814,1650,1135,1300,,,,,
2011,11,SRB,A,10,12876,1837,500,737,600,,,,11039,675,1615,750,220,1080,445,870,410,759,1555,1310,1350,,,,,
2011,12,GBR,A,11,12291,1449,400,599,450,,,,10842,575,1260,560,440,1325,575,1025,615,737,1380,1040,1310,,,,,
2011,13,RUS,A,12,12096,1931,400,631,900,,,,10165,645,1325,550,200,1300,490,750,605,715,1335,970,1280,,,,,
2011,14,CRO,A,13,11420,1890,300,690,900,,,,9530,425,1120,640,210,1065,445,840,575,715,1570,775,1150,,,,,
2011,15,CAN,A,14,11282,1654,400,654,600,,,,9628,510,1080,650,430,1175,615,890,595,528,1075,880,1200,,,,,
2011,16,UN,UN 5,,10371,1731,300,681,750,,,,8640,460,1095,525,380,890,515,910,375,440,1155,835,1060,,,,,
2011,17,FIN,A,15,10096,1538,400,688,450,,,,8558,475,1090,485,185,890,505,850,455,748,870,905,1100,,,,,
2011,18,BEL,A,16,9868,1335,300,585,450,,,,8533,415,985,535,395,940,525,810,495,528,1220,705,980,,,,,
2011,19,ITA,A,17,9687,1406,300,656,450,,,,8281,475,1060,620,130,785,475,800,435,671,1130,690,1010,,,,,
2011,20,CZE,B,,9532,1460,300,560,600,,,,8072,540,895,565,275,765,580,780,325,572,970,775,1030,,,,,
2011,21,ROU,A,18,9167,1405,400,705,300,,,,7762,315,905,500,130,635,460,725,350,682,1120,850,1090,,,,,
2011,22,UN,UN 1,19,9107,1221,300,471,450,,,,7886,520,900,580,250,790,455,815,365,506,1020,715,970,,,,,
2011,23,FRA,B,,9091,1286,400,586,300,,,,7805,490,970,535,160,725,470,660,365,440,965,1035,990,,,,,
2011,24,UN,UN 2,20,8693,1366,300,616,450,,,,7327,280,815,610,140,825,425,590,425,517,1225,595,880,,,,,
2011,25,EST,A,21,8560,834,100,584,150,,,,7726,525,955,475,170,885,515,570,400,506,1075,660,990,,,,,
2011,26,HUN,A,22,8474,947,300,497,150,,,,7527,575,1000,305,60,825,440,650,530,462,1135,685,860,,,,,
2011,27,GBR,B,,8101,1395,200,445,750,,,,6706,340,755,515,75,700,460,570,450,561,780,650,850,,,,,
2011,28,UN,UN 6,,7991,1158,400,458,300,,,,6833,420,890,330,200,800,410,620,435,473,835,560,860,,,,,
2011,29,IND,A,23,7905,678,200,328,150,,,,7227,380,1120,460,105,690,350,600,370,572,915,765,900,,,,,
2011,30,UN,UN 3,,7862,1200,300,300,600,,,,6662,390,965,300,180,870,410,590,385,407,750,605,810,,,,,
2011,31,UN,UN 4,,6461,634,100,234,300,,,,5827,310,730,470,100,430,415,580,315,297,730,720,730,,,,,
2011,32,TUR,B,,6409,722,300,272,150,,,,5687,375,660,270,105,390,390,590,330,462,700,565,850,,,,,
2011,33,GRE,A,24,6319,1026,300,576,150,,,,5293,210,575,315,70,610,410,460,285,638,545,505,670,,,,,
2011,34,SVK,B,,5343,963,200,313,450,,,,4380,405,565,225,105,345,290,380,120,330,570,365,680,,,,,
2011,35,UN,UN 7,,4961,823,200,323,300,,,,4138,290,560,185,70,440,310,330,245,198,510,220,780,,,,,
2011,36,UN,UN 8,,4680,681,200,181,300,,,,3999,195,540,210,130,370,285,270,215,264,460,550,510,,,,,
2010,1,JPN,A,2,7549,1966,680,501,250,535,,,5583,252,877,396,513,519,307,906,987,489,337,,,,,,,
2010,2,USA,A,1,7430,2030,765,675,240,350,,,5400,273,879,512,539,437,316,857,873,483,231,,,,,,,
2010,3,GER,A,3,7078,1753,455,428,220,650,,,5325,254,780,545,510,555,264,921,708,496,292,,,,,,,
2010,4,HUN,A,4,5764,1190,455,475,200,60,,,4574,184,706,402,472,379,297,682,703,447,302,,,,,,,
2010,5,TUR,A,5,5000,1073,275,443,150,205,,,3927,157,705,317,332,374,206,564,681,406,185,,,,,,,
2010,6,CZE,A,6,4933,1197,330,397,170,300,,,3736,111,583,426,454,202,223,648,586,341,162,,,,,,,
2010,7,SRB,A,7,4848,1288,390,378,170,350,,,3560,119,564,292,390,276,166,663,580,289,221,,,,,,,
2010,8,NED,A,8,4609,1146,225,461,220,240,,,3463,125,421,356,470,322,177,521,548,337,186,,,,,,,
2010,9,SVK,A,9,4281,687,140,252,160,135,,,3594,126,605,362,344,318,191,567,582,344,155,,,,,,,
2010,10,RUS,A,10,4231,657,75,217,240,125,,,3574,268,378,391,333,234,137,457,774,395,207,,,,,,,
2010,11,FRA,A,11,4196,791,225,231,150,185,,,3405,113,575,198,314,372,205,593,569,308,158,,,,,,,
2010,12,POL,A,12,4102,750,140,270,200,140,,,3352,142,518,355,344,341,188,615,407,260,182,,,,,,,
2010,13,UN,UN 2,13,3910,940,180,385,240,135,,,2970,100,513,216,237,229,165,519,427,318,246,,,,,,,
2010,14,BEL,A,14,3852,968,225,363,270,110,,,2884,172,503,229,368,302,156,346,373,269,166,,,,,,,
2010,15,CRO,A,15,3769,965,140,305,220,300,,,2804,97,416,172,293,233,220,570,432,213,158,,,,,,,
2010,16,BUL,A,16,3483,1318,275,408,210,425,,,2165,70,366,237,246,152,148,304,289,231,122,,,,,,,
2010,17,ROU,A,17,3287,903,225,438,150,90,,,2384,88,450,156,280,164,132,445,355,201,113,,,,,,,
2010,18,UN,UN 3,18,3268,781,330,281,110,60,,,2487,91,418,219,232,240,170,362,368,268,119,,,,,,,
2010,19,UN,UN 1,19,3181,679,105,209,180,185,,,2502,67,482,181,243,205,169,284,399,267,205,,,,,,,
2010,20,EST,A,20,2901,812,75,317,220,200,,,2089,29,344,172,209,193,123,321,335,217,146,,,,,,,
2010,21,IND,A,21,2850,452,15,207,170,60,,,2398,55,330,241,189,251,148,383,373,291,137,,,,,,,
2010,22,GBR,A,22,2842,582,140,162,220,60,,,2260,43,384,214,273,168,163,352,310,176,177,,,,,,,
2010,23,FIN,A,23,2834,764,105,304,230,125,,,2070,60,354,170,264,207,73,279,247,256,160,,,,,,,
2010,24,POL,Junior,24,2370,746,50,346,260,90,,,1624,64,286,161,168,106,82,176,234,202,145,,,,,,,
2010,25,CHN,A,25,2114,500,15,365,120,0,,,1614,163,304,71,178,125,69,222,247,113,122,,,,,,,
2010,26,GRE,A,26,1683,584,50,279,240,15,,,1099,38,164,93,126,125,58,138,156,87,114,,,,,,,
2009,1,GER,A,1,12182,2558,408,560,780,810,,,9624,284,1412,543,1518,153,382,228,769,1575,124,2426,210,,,,,
2009,2,USA,A,2,10843,2741,396,640,840,865,,,8102,230,1177,477,1260,158,369,228,555,1174,116,2078,280,,,,,
2009,3,JPN,A,3,9902,2140,460,280,640,760,,,7762,223,879,389,1385,172,318,222,562,1305,122,1985,200,,,,,
2009,4,CZE,A,4,9212,2685,460,600,695,930,,,6527,188,800,391,1029,124,170,192,475,928,138,1852,240,,,,,
2009,5,SVK,A,5,9210,2220,240,480,610,890,,,6990,229,1128,312,1114,84,298,156,490,1150,72,1757,200,,,,,
2009,6,CAN,A,6,8445,2210,430,360,630,790,,,6235,168,768,489,1128,154,173,174,285,916,138,1596,246,,,,,
2009,7,HUN,A,7,8433,2048,248,320,670,810,,,6385,186,898,395,1162,124,0,174,520,985,100,1741,100,,,,,
2009,8,TUR,A,8,8431,1934,384,200,510,840,,,6497,156,915,303,1224,131,157,156,495,1156,120,1584,100,,,,,
2009,9,FRA,A,9,8094,2121,451,200,660,810,,,5973,185,819,433,1171,130,150,186,350,700,116,1633,100,,,,,
2009,10,RUS,A,10,7946,2182,442,320,630,790,,,5764,144,783,386,999,138,60,156,549,800,58,1591,100,,,,,
2009,11,SRB,A,11,7723,2085,380,360,555,790,,,5638,170,760,462,914,130,90,132,465,886,54,1405,170,,,,,
2009,12,NED,A,12,7374,2023,478,200,555,790,,,5351,170,813,309,859,127,90,150,445,872,54,1362,100,,,,,
2009,13,CRO,A,13,7156,1986,296,240,620,830,,,5170,123,751,183,912,82,165,168,305,833,58,1490,100,,,,,
2009,14,POL,A,14,6097,1786,396,160,510,720,,,4311,106,477,365,746,87,90,144,430,600,40,1156,70,,,,,
2009,15,BLR,A,15,5821,1482,192,80,510,700,,,4339,123,443,264,874,61,30,150,435,700,124,1065,70,,,,,
2009,16,ROU,A,16,5800,1524,244,80,390,810,,,4276,93,583,285,686,59,143,114,280,648,76,1169,140,,,,,
2009,17,BUL,A,17,5707,1720,380,160,390,790,,,3987,126,491,349,632,91,60,120,315,774,76,923,30,,,,,
2009,18,EST,A,18,5675,1166,451,80,555,80,,,4509,138,421,188,754,93,90,174,315,916,58,1192,170,,,,,
2009,19,GBR,A,19,4976,1757,412,120,555,670,,,3219,77,339,257,690,63,0,192,195,350,76,950,30,,,,,
2009,20,ITA,A,20,4924,1662,442,0,420,800,,,3262,122,433,297,677,91,0,126,160,450,76,790,40,,,,,
2009,21,FIN,A,21,4851,1585,400,40,345,800,,,3266,93,384,324,608,82,0,150,205,350,94,906,70,,,,,
2009,22,IND,A,22,3247,841,376,160,225,80,,,2406,69,120,190,409,60,0,120,135,500,62,701,40,,,,,
2009,23,GRE,A,23,1436,398,368,0,30,0,,,1038,34,110,92,204,31,0,96,70,200,18,123,60,,,,,
2008,1,USA,A,1,6032,2109,937,240,756,176,,,4400,201,937,368,345,345,1026,680,498,,,,,,,,,
2008,2,JPN,A,2,5860,2339,1110,240,714,275,,,4176,163,1110,316,223,372,892,635,465,,,,,,,,,
2008,3,CZE,A,3,5650,2578,934,250,830,564,,,3551,145,934,301,289,213,741,688,240,,,,,,,,,
2008,4,GER,A,4,5354,1689,962,377,150,200,,,4127,203,962,360,257,292,899,947,207,,,,,,,,,
2008,5,HUN,A,5,4836,1643,1103,190,150,200,,,3791,162,1103,302,281,239,836,568,300,,,,,,,,,
2008,6,FRA,A,6,4299,1390,846,140,300,104,,,3355,153,846,237,417,208,711,477,306,,,,,,,,,
2008,7,SVK,A,7,4166,1323,874,195,150,104,,,3432,151,874,323,310,233,786,575,180,,,,,,,,,
2008,8,SRB,A,8,4099,1845,908,195,300,442,,,2777,143,908,267,116,221,649,443,30,,,,,,,,,
2008,9,TUR,A,9,3969,1482,912,145,150,275,,,3114,186,912,211,145,260,694,521,185,,,,,,,,,
2008,10,CRO,A,10,3802,1247,763,150,150,184,,,2863,121,763,276,225,221,608,469,180,,,,,,,,,
2008,11,NED,A,11,3746,1669,929,240,300,200,,,2896,155,929,214,182,213,557,401,245,,,,,,,,,
2008,12,RUS,A,12,3619,1866,723,145,798,200,,,2236,126,723,147,168,239,615,188,30,,,,,,,,,
2008,13,POL,A,13,3543,1254,659,95,300,200,,,2643,141,659,220,164,223,684,492,60,,,,,,,,,
2008,14,UKR,A,14,3250,1380,790,240,150,200,,,2470,86,790,147,220,169,639,299,120,,,,,,,,,
2008,15,CAN,A,15,3235,1597,677,190,530,200,,,2095,79,677,143,116,147,486,327,120,,,,,,,,,
2008,16,BLR,A,16,3172,1348,678,95,300,275,,,2422,126,678,134,135,179,618,337,215,,,,,,,,,
2008,17,EST,A,17,3059,1669,693,190,682,104,,,1918,55,693,98,88,152,432,370,30,,,,,,,,,
2008,18,AUT,A,18,3027,1029,690,85,150,104,,,2383,115,690,171,229,167,513,408,90,,,,,,,,,
2008,19,BUL,A,19,2391,1067,472,95,300,200,,,1661,68,472,166,93,91,416,295,60,,,,,,,,,
2008,20,GBR,A,20,2224,1157,539,150,300,168,,,1441,74,539,139,0,117,340,172,60,,,,,,,,,
2008,21,FIN,A,21,2142,1097,557,115,150,275,,,1517,61,557,109,76,109,366,209,30,,,,,,,,,
2008,22,ITA,A,22,1989,771,517,0,150,104,,,1525,67,517,158,46,109,312,286,30,,,,,,,,,
2007,1,USA,A,1,10714,2226,0,1302,924,,,,8488,778,2336,1008,779,804,1726,358,0,699,,,,,,,,
2007,2,JPN,A,2,9670,1518,0,594,924,,,,8152,817,2063,1067,607,874,1806,286,83,549,,,,,,,,
2007,3,BEL,A,3,9083,1652,0,584,1068,,,,7431,757,1869,1016,521,781,1619,332,0,536,,,,,,,,
2007,4,NED,A,4,9068,1520,0,600,920,,,,7548,698,1806,1005,717,816,1642,344,0,520,,,,,,,,
2007,5,FRA,A,5,9054,1794,0,890,904,,,,7260,733,1798,960,598,754,1588,340,0,489,,,,,,,,
2007,6,CZE,A,6,8989,1616,0,590,1026,,,,7373,728,1845,918,714,741,1616,324,0,487,,,,,,,,
2007,7,HUN,A,7,8955,1478,0,576,902,,,,7477,735,2108,969,597,753,1532,276,0,507,,,,,,,,
2007,8,POL,A,8,8860,1565,0,577,988,,,,7295,739,1694,925,565,759,1655,294,25,639,,,,,,,,
2007,9,GER,A,9,8852,1259,240,1019,0,,,,7593,761,2124,797,642,789,1659,280,0,541,,,,,,,,
2007,10,CAN,A,10,8622,1496,0,566,930,,,,7126,738,1738,947,685,753,1484,314,0,467,,,,,,,,
2007,11,TUR,A,11,8620,1506,0,535,971,,,,7114,716,1790,952,565,728,1733,240,0,390,,,,,,,,
2007,12,CRO,A,12,8168,1392,0,482,910,,,,6776,706,1649,704,678,735,1568,270,67,399,,,,,,,,
2007,13,IND,A,13,8057,1495,0,587,908,,,,6562,667,1690,748,599,748,1538,228,0,344,,,,,,,,
2007,14,AUT,A,14,8025,1443,0,539,904,,,,6582,698,1628,691,604,760,1437,240,0,524,,,,,,,,
2007,15,BRA,A,15,7939,1480,0,574,906,,,,6459,679,1613,758,543,707,1460,276,0,423,,,,,,,,
2007,16,BUL,A,16,7893,1466,0,546,920,,,,6427,677,1644,786,499,714,1492,198,0,417,,,,,,,,
2007,17,SRB,A,17,7872,1467,0,563,904,,,,6405,579,1663,809,701,704,1368,250,0,331,,,,,,,,
2007,18,ROU,A,18,7850,1544,0,584,960,,,,6306,671,1558,735,565,674,1438,218,0,447,,,,,,,,
2007,19,SVK,A,19,7804,566,0,566,0,,,,7238,721,1916,847,576,765,1638,240,0,535,,,,,,,,
2007,20,ARG,A,20,7443,1410,0,504,906,,,,6033,652,1538,732,543,673,1278,210,25,382,,,,,,,,
2007,21,RUS,A,21,7338,1453,0,535,918,,,,5885,604,1561,768,499,653,1266,236,0,298,,,,,,,,
2007,22,ITA,A,22,7264,1419,0,511,908,,,,5845,608,1525,663,554,645,1175,280,0,395,,,,,,,,
2007,23,PER,A,23,3448,308,0,308,0,,,,3140,380,876,203,466,400,567,188,0,60,,,,,,,,
2006,1,USA,A,1,8728,2052,495,907,650,,,,6676,375,1420,245,580,735,455,725,791,320,765,265,,,,,,
2006,2,GER,A,2,8081,1625,565,610,450,,,,6456,190,1315,245,410,940,365,705,756,355,1100,75,,,,,,
2006,3,JPN,A,3,7262,1125,460,540,125,,,,6137,290,1215,210,450,725,455,675,580,350,940,247,,,,,,
2006,4,HUN,A,4,7155,1660,600,610,450,,,,5495,300,1125,190,310,755,390,600,365,435,925,100,,,,,,
2006,5,NED,A,5,6775,1285,460,450,375,,,,5490,325,1065,180,450,800,390,620,420,360,755,125,,,,,,
2006,6,BEL,A,6,6465,1250,495,430,325,,,,5215,195,1140,150,480,500,395,565,405,345,890,150,,,,,,
2006,7,FRA,A,7,6365,1355,565,540,250,,,,5010,215,1080,190,290,735,335,615,480,260,735,75,,,,,,
2006,8,CZE,A,8,5680,910,425,360,125,,,,4770,215,980,185,420,510,385,495,545,265,645,125,,,,,,
2006,9,TUR,A,9,5410,1035,355,430,250,,,,4375,125,870,185,570,610,270,250,570,265,560,100,,,,,,
2006,10,RUS,A,10,5295,1010,295,540,175,,,,4285,190,915,165,390,530,380,470,275,240,530,200,,,,,,
2006,11,POL,A,11,5240,925,390,410,125,,,,4315,175,990,190,310,580,340,425,250,295,635,125,,,,,,
2006,12,CRO,A,12,5215,1345,425,300,620,,,,3870,120,770,185,160,605,295,385,265,240,770,75,,,,,,
2006,13,CAN,A,13,5080,900,320,330,250,,,,4180,170,935,235,310,670,340,430,430,125,485,50,,,,,,
2006,14,SVK,A,14,4950,1160,530,380,250,,,,3790,160,835,155,250,315,340,355,520,125,635,100,,,,,,
2006,15,GBR,A,15,4873,660,295,240,125,,,,4213,190,700,185,360,645,340,415,405,305,470,198,,,,,,
2006,16,SRB,A,16,4475,1030,460,320,250,,,,3445,175,735,175,150,505,270,470,265,130,495,75,,,,,,
2006,17,ROU,A,17,3960,635,295,340,0,,,,3325,145,610,165,270,545,280,340,190,175,505,100,,,,,,
2006,18,IND,A,18,3385,735,295,240,200,,,,2650,55,690,165,230,260,230,255,145,180,340,100,,,,,,
2006,19,BUL,A,19,3110,465,145,320,0,,,,2645,75,620,175,150,380,230,305,210,140,310,50,,,,,,
2006,20,FIN,A,20,3095,345,145,200,0,,,,2750,90,450,170,190,230,295,370,255,95,480,125,,,,,,
2006,21,EST,A,21,2945,355,170,60,125,,,,2590,85,355,150,180,315,220,255,305,215,385,125,,,,,,
2006,22,BRA,A,22,2735,430,105,200,125,,,,2305,95,525,125,210,245,190,255,105,145,310,100,,,,,,
2006,23,ITA,A,23,2610,280,120,160,0,,,,2330,35,525,140,120,290,270,190,185,85,365,125,,,,,,
2005,1,GER,A,1,11945,2305,330,975,1000,,,,9640,1015,635,700,2000,375,1460,700,700,2055,,,,,,,,
2005,2,USA,A,2,11495,1680,670,310,700,,,,9815,915,580,850,2120,375,1510,690,700,2075,,,,,,,,
2005,3,JPN,A,3,10975,1860,680,280,900,,,,9115,1025,905,700,2130,0,1215,630,590,1920,,,,,,,,
2005,4,NED,A,4,10220,1580,340,290,950,,,,8640,720,515,950,1975,250,1165,680,660,1725,,,,,,,,
2005,5,HUN,A,5,9745,1385,420,265,700,,,,8360,610,515,580,1955,625,960,980,620,1515,,,,,,,,
2005,6,POL,A,6,9510,1305,340,265,700,,,,8205,690,465,1000,1635,525,1085,635,650,1520,,,,,,,,
2005,7,BEL,A,7,9315,1535,530,305,700,,,,7780,735,360,660,1600,500,995,610,720,1600,,,,,,,,
2005,8,CZE,A,8,8975,1355,350,305,700,,,,7620,755,570,700,1510,375,945,425,750,1590,,,,,,,,
2005,9,FRA,A,9,8765,1335,330,305,700,,,,7430,790,410,800,1515,250,980,550,700,1435,,,,,,,,
2005,10,RUS,A,10,8230,1145,250,195,700,,,,7085,765,530,700,1450,125,1060,470,500,1485,,,,,,,,
2005,11,CAN,A,11,8090,1285,390,195,700,,,,6805,670,335,700,1370,375,940,455,660,1300,,,,,,,,
2005,12,TUR,A,12,7890,1370,430,240,700,,,,6520,745,415,520,1330,125,945,415,660,1365,,,,,,,,
2005,13,SVK,A,13,7880,1135,230,205,700,,,,6745,660,470,700,1410,125,820,535,600,1425,,,,,,,,
2005,14,ROU,A,14,7665,1165,250,215,700,,,,6500,650,430,900,1210,250,940,350,520,1250,,,,,,,,
2005,15,UKR,A,15,7400,1070,280,90,700,,,,6330,645,560,700,1110,125,795,435,660,1300,,,,,,,,
2005,16,CRO,A,16,7365,1175,280,195,700,,,,6190,555,460,460,1420,250,740,340,620,1345,,,,,,,,
2005,17,GBR,A,17,7115,1440,360,280,800,,,,5675,585,360,700,1030,375,595,415,590,1025,,,,,,,,
2005,18,BUL,A,18,5705,935,110,125,700,,,,4770,405,280,700,845,250,470,335,570,915,,,,,,,,
2005,19,FIN,A,19,5640,1190,200,140,850,,,,4450,505,135,700,845,125,475,335,540,790,,,,,,,,
2005,20,BIH,A,20,5620,1105,240,165,700,,,,4515,390,305,400,845,125,710,210,560,970,,,,,,,,
2005,21,UN,UN 1,21,5515,1120,280,140,700,,,,4395,385,310,700,725,375,580,95,510,715,,,,,,,,
2005,22,UN,UN 2,22,5375,1065,260,105,700,,,,4310,460,295,480,870,125,480,165,480,955,,,,,,,,
2005,23,SCG,A,23,5330,1010,190,120,700,,,,4320,385,165,700,635,375,555,205,610,690,,,,,,,,
2005,24,ITA,A,24,5030,1055,230,125,700,,,,3975,380,285,700,760,125,285,200,530,710,,,,,,,,
2005,25,IND,A,25,4715,330,220,110,0,,,,4385,425,210,500,790,375,485,235,470,895,,,,,,,,
2005,26,BRA,A,26,4380,975,180,95,700,,,,3405,425,250,440,530,250,300,300,470,440,,,,,,,,
2004,1,USA,A,1,4481,1394,800,200,368,26,,,3087,468,290,416,328,355,364,251,615,,,,,,,,,
2004,2,GER,A,2,4392,1348,740,120,488,0,,,3044,587,250,355,294,410,342,269,537,,,,,,,,,
2004,3,HUN,A,3,4303,1298,700,170,428,0,,,3005,503,160,311,325,415,303,243,745,,,,,,,,,
2004,4,NED,A,4,4099,1336,800,160,376,0,,,2763,490,170,397,275,380,354,234,463,,,,,,,,,
2004,5,CAN,A,5,4015,1392,588,120,580,104,,,2623,396,200,364,273,300,303,210,577,,,,,,,,,
2004,6,JPN,A,6,3923,1336,708,180,448,0,,,2587,459,140,289,264,310,294,174,657,,,,,,,,,
2004,7,CZE,A,7,3884,1348,800,160,388,0,,,2536,441,180,290,306,335,288,228,468,,,,,,,,,
2004,8,BEL,A,8,3685,1196,648,160,388,0,,,2489,520,150,342,270,270,331,203,403,,,,,,,,,
2004,9,ROU,A,9,3464,1274,700,160,388,26,,,2190,352,140,290,288,300,294,156,370,,,,,,,,,
2004,10,CRO,A,10,3415,1134,660,160,236,78,,,2281,314,90,317,246,320,316,240,438,,,,,,,,,
2004,11,FRA,A,11,3374,1148,740,140,268,0,,,2226,315,80,250,317,240,311,228,485,,,,,,,,,
2004,12,GBR,A,12,3154,1088,520,160,408,0,,,2066,312,210,244,234,190,322,144,410,,,,,,,,,
2004,13,POL,A,13,3137,1008,580,160,268,0,,,2129,359,140,255,228,295,286,186,380,,,,,,,,,
2004,14,TUR,A,14,3008,1054,640,140,248,26,,,1954,230,140,213,282,195,362,174,358,,,,,,,,,
2004,15,RUS,A,15,3008,1060,552,160,348,0,,,1948,334,170,176,252,275,326,150,265,,,,,,,,,
2004,16,SVK,A,16,2979,892,308,190,368,26,,,2087,375,150,282,210,225,273,204,368,,,,,,,,,
2004,17,UN,UN 2,17,2845,928,360,140,428,0,,,1917,257,190,206,312,195,245,132,380,,,,,,,,,
2004,18,UN,UN 3,18,2357,939,440,165,308,26,,,1418,287,70,171,132,170,255,90,243,,,,,,,,,
2004,19,FIN,A,19,2193,692,420,120,152,0,,,1501,251,100,176,138,190,294,132,220,,,,,,,,,
2004,20,UN,UN 1,20,2103,776,348,160,268,0,,,1327,189,120,184,120,200,232,102,180,,,,,,,,,
2004,21,BIH,A,21,1614,508,160,120,228,0,,,1106,145,70,122,138,125,226,90,190,,,,,,,,,
2004,22,IND,A,22,1506,426,280,40,80,26,,,1080,169,50,110,114,95,218,84,240,,,,,,,,,
2003,1,GER,A,1,3967,857,230,250,227,75,75,,3110,595,490,310,155,205,905,200,165,85,,,,,,,,
2003,2,USA,A,2,3886,876,125,260,191,75,225,,3010,545,460,350,160,260,760,285,140,50,,,,,,,,
2003,3,NED,A,3,3859,1134,250,300,279,205,100,,2725,425,520,250,100,175,740,250,205,60,,,,,,,,
2003,4,BEL,A,4,3699,964,190,300,149,225,100,,2735,460,480,290,50,190,825,265,150,25,,,,,,,,
2003,5,HUN,A,5,3512,747,125,225,247,100,50,,2765,565,285,340,145,310,645,210,240,25,,,,,,,,
2003,6,JPN,A,6,3495,830,210,275,170,100,75,,2665,435,525,280,55,190,735,285,160,0,,,,,,,,
2003,7,CAN,A,7,3455,845,125,270,250,100,100,,2610,630,370,280,40,185,815,140,120,30,,,,,,,,
2003,8,CZE,A,8,3293,638,125,200,163,75,75,,2655,480,450,240,70,185,785,235,160,50,,,,,,,,
2003,9,POL,A,9,2729,529,75,235,94,50,75,,2200,305,455,340,40,85,545,255,175,0,,,,,,,,
2003,10,UKR,A,10,2690,725,125,255,170,100,75,,1965,350,355,240,55,110,485,270,100,0,,,,,,,,
2003,11,FRA,A,11,2504,564,125,245,69,50,75,,1940,375,230,200,85,130,570,200,100,50,,,,,,,,
2003,12,TUR,A,12,2401,606,100,170,186,100,50,,1795,445,215,190,30,105,520,180,110,0,,,,,,,,
2003,13,GBR,A,13,2385,555,50,200,155,75,75,,1830,385,300,210,35,115,485,200,100,0,,,,,,,,
2003,14,CRO,A,14,2355,590,75,255,160,75,25,,1765,375,315,145,30,115,460,225,100,0,,,,,,,,
2003,15,RUS,A,15,2052,477,50,235,42,50,100,,1575,395,120,150,50,90,505,185,80,0,,,,,,,,
2003,16,SVK,A,16,2016,681,75,245,211,75,75,,1335,295,245,160,30,60,325,140,80,0,,,,,,,,
2003,17,BUL,A,17,1817,547,50,260,137,50,50,,1270,235,195,150,30,60,300,220,80,0,,,,,,,,
2003,18,ROU,A,18,1704,404,50,250,4,25,75,,1300,315,125,115,40,65,355,165,120,0,,,,,,,,
2003,19,UN,UN 1,19,1534,479,75,175,79,50,100,,1055,265,145,130,35,45,295,60,80,0,,,,,,,,
2003,20,UN,UN 2,20,1130,340,25,210,55,0,50,,790,195,20,60,10,75,245,125,60,0,,,,,,,,
2003,21,UN,UN 3,21,965,315,75,115,0,50,75,,650,95,130,85,20,20,200,90,10,0,,,,,,,,
2002,1,JPN,A,1,1905,340,160,180,,,,,1565,436,80,189,320,246,294,,,,,,,,,,,
2002,2,GER,A,2,1898,350,160,190,,,,,1548,461,95,198,288,220,286,,,,,,,,,,,
2002,3,USA,A,3,1874,390,160,230,,,,,1484,405,100,228,274,225,252,,,,,,,,,,,
2002,4,NED,A,4,1774,340,160,180,,,,,1434,390,150,156,298,211,229,,,,,,,,,,,
2002,5,CAN,A,5,1707,370,160,210,,,,,1337,352,70,213,244,206,252,,,,,,,,,,,
2002,6,BEL,A,6,1639,310,160,150,,,,,1329,393,115,107,268,213,233,,,,,,,,,,,
2002,7,HUN,A,7,1547,300,80,220,,,,,1247,400,85,87,232,230,213,,,,,,,,,,,
2002,8,FRA,A,8,1370,280,100,180,,,,,1090,316,70,104,185,197,218,,,,,,,,,,,
2002,9,CZE,A,9,1333,200,20,180,,,,,1133,348,70,136,178,171,230,,,,,,,,,,,
2002,10,RUS,A,10,1241,280,80,200,,,,,961,238,70,112,178,162,201,,,,,,,,,,,
2002,11,POL,A,11,1164,200,80,120,,,,,964,258,45,65,178,194,224,,,,,,,,,,,
2002,12,TUR,A,12,1088,160,80,80,,,,,928,302,50,82,137,196,161,,,,,,,,,,,
2002,13,UN,UN 3,13,1086,80,80,0,,,,,1006,318,45,88,176,186,193,,,,,,,,,,,
2002,14,UN,UN 2,14,1051,160,80,80,,,,,891,233,60,165,156,133,144,,,,,,,,,,,
2002,15,FIN,A,15,978,80,80,0,,,,,898,239,35,106,150,194,174,,,,,,,,,,,
2002,16,SVK,A,16,903,108,28,80,,,,,795,203,45,72,151,170,154,,,,,,,,,,,
2002,17,CRO,A,17,669,144,44,100,,,,,525,157,25,21,50,133,139,,,,,,,,,,,
2002,18,UN,UN 1,18,282,44,24,20,,,,,238,68,35,23,40,37,35,,,,,,,,,,,
2001,1,USA,A,1,6266,1155,100,700,180,55,120,,5111,880,590,595,300,39,855,750,775,255,72,,,,,,,
2001,2,CZE,A,2,5880,1115,115,690,190,0,120,,4765,700,690,565,250,87,665,724,745,255,84,,,,,,,
2001,3,BEL,A,3,5672,1115,25,640,200,130,120,,4557,695,540,585,250,21,700,771,665,240,90,,,,,,,
2001,4,NED,A,4,5615,985,50,720,125,0,90,,4630,710,545,585,300,90,735,668,725,190,82,,,,,,,
2001,5,GER,A,5,5488,1175,175,710,165,35,90,,4313,670,480,530,310,39,590,722,680,210,82,,,,,,,
2001,6,FRA,A,6,5032,955,200,490,150,55,60,,4077,565,455,470,200,18,675,725,680,215,74,,,,,,,
2001,7,HUN,A,7,4953,840,125,540,125,20,30,,4313,670,480,530,310,39,590,722,680,210,82,,,,,,,
2001,8,POL,A,8,4798,840,50,520,125,55,90,,3958,580,410,480,250,9,580,647,715,215,72,,,,,,,
2001,9,TUR,A,9,4697,1065,125,640,125,55,120,,3632,475,555,410,170,21,500,583,650,180,88,,,,,,,
2001,10,ROU,A,10,4406,850,105,480,170,35,60,,3556,535,345,460,170,18,505,636,590,205,92,,,,,,,
2001,11,UKR,A,11,4364,900,50,570,125,35,120,,3464,495,385,520,120,24,550,559,570,175,66,,,,,,,
2001,12,CAN,A,12,4332,945,75,660,160,20,30,,3387,575,365,330,155,0,550,559,560,205,88,,,,,,,
2001,13,HUN,B,13,4235,695,75,340,125,35,120,,3540,480,390,490,175,18,465,609,645,190,78,,,,,,,
2001,14,CZE,B,14,4208,860,50,560,125,35,90,,3348,525,420,425,200,15,535,527,440,195,66,,,,,,,
2001,15,SVK,A,15,4199,835,95,510,100,40,90,,3364,525,270,520,125,6,525,650,430,225,88,,,,,,,
2001,16,RUS,A,16,4187,705,50,400,100,35,120,,3482,545,400,480,140,15,495,564,620,155,68,,,,,,,
2001,17,GBR,A,17,3958,645,100,410,75,0,60,,3313,435,340,370,200,30,430,646,530,240,92,,,,,,,
2001,18,HUN,C,18,3939,645,75,360,125,55,30,,3294,570,305,440,120,0,550,499,570,160,80,,,,,,,
2001,19,FIN,A,19,3646,665,75,310,155,35,90,,2981,450,215,420,185,0,375,505,535,200,96,,,,,,,
2001,20,RUS,B,20,3600,530,85,290,125,0,30,,3070,345,310,390,160,0,525,653,430,175,82,,,,,,,
2001,21,UN,UN 1,21,3302,830,125,480,150,15,60,,2472,430,155,315,100,0,375,384,490,135,88,,,,,,,
2001,22,BUL,A,22,3212,610,140,260,100,20,90,,2602,370,345,235,100,0,330,406,565,165,86,,,,,,,
2001,23,UN,UN 2,23,3010,710,130,450,100,0,30,,2300,275,240,275,140,12,430,468,320,90,50,,,,,,,
2001,24,TUR,B,24,2960,485,100,290,75,20,0,,2475,275,360,260,145,0,370,387,440,150,88,,,,,,,
2001,25,CRO,A,25,2918,455,25,280,100,20,30,,2463,395,265,365,75,0,345,498,350,110,60,,,,,,,
2001,26,KOR,A,26,2194,305,0,230,25,20,30,,1889,135,185,240,65,21,290,415,370,140,28,,,,,,,
2001,27,UN,UN 3,27,1672,790,25,590,75,40,60,,882,150,125,95,50,0,130,150,105,55,22,,,,,,,
2000,1,USA,A,1,4473,1155,180,975,,,,,3318,1107,155,160,655,141,1100,,,,,,,,,,,
2000,2,NED,A,2,3813,1100,200,900,,,,,2713,763,170,140,600,180,860,,,,,,,,,,,
2000,3,GER,A,3,3612,1100,200,900,,,,,2512,809,195,40,570,73,825,,,,,,,,,,,
2000,4,HUN,A,4,3595,975,100,875,,,,,2620,811,145,140,445,149,930,,,,,,,,,,,
2000,5,FRA,A,5,3485,1100,200,900,,,,,2385,683,175,120,420,252,735,,,,,,,,,,,
2000,6,CZE,A,6,3279,955,130,825,,,,,2324,625,195,80,525,114,785,,,,,,,,,,,
2000,7,POL,A,7,3129,1035,160,875,,,,,2094,612,155,100,370,102,755,,,,,,,,,,,
2000,8,CAN,A,8,3088,910,110,800,,,,,2178,791,205,80,395,102,605,,,,,,,,,,,
2000,9,BEL,A,9,2881,1025,200,825,,,,,1856,625,100,60,395,131,545,,,,,,,,,,,
2000,10,JPN,A,10,2565,530,180,350,,,,,2035,601,80,80,465,64,745,,,,,,,,,,,
2000,11,CRO,A,11,2128,725,100,625,,,,,1403,521,50,40,350,47,395,,,,,,,,,,,
2000,12,ARG,A,12,2069,500,50,450,,,,,1559,453,175,60,310,186,375,,,,,,,,,,,
2000,13,TUR,A,13,2068,550,100,450,,,,,1518,343,120,60,370,85,540,,,,,,,,,,,
2000,14,GBR,A,14,1931,555,30,525,,,,,1376,427,105,0,350,24,470,,,,,,,,,,,
2000,15,UN,UN 1,15,1806,605,80,525,,,,,1201,374,70,80,225,37,415,,,,,,,,,,,
2000,16,SVK,A,16,1802,380,80,300,,,,,1422,461,70,20,450,21,400,,,,,,,,,,,
2000,17,FIN,A,17,1278,275,50,225,,,,,1003,388,55,60,240,15,245,,,,,,,,,,,
2000,18,UN,UN 2,18,1111,400,50,350,,,,,711,232,50,0,150,44,235,,,,,,,,,,,
2000,19,IND,A,19,859,275,0,275,,,,,584,148,55,40,90,6,245,,,,,,,,,,,
2000,20,AUS,A,20,516,75,0,75,,,,,441,176,10,0,115,0,140,,,,,,,,,,,
1999,1,USA,A,1,18746,4400,1300,1900,1200,,,,14346,3915,411,1300,3515,765,320,690,3430,,,,,,,,,
1999,2,NED,A,2,18058,3700,1000,1700,1000,,,,14358,3010,703,1200,3125,1150,1060,1040,3070,,,,,,,,,
1999,3,CZE,A,3,16843,3300,800,1500,1000,,,,13543,3215,648,1270,3310,730,580,540,3250,,,,,,,,,
1999,4,GER,A,4,16225,4400,1500,1500,1400,,,,11825,2955,315,1130,3065,830,320,630,2580,,,,,,,,,
1999,5,JPN,A,5,14959,3600,600,2000,1000,,,,11359,3195,729,640,2890,765,320,550,2270,,,,,,,,,
1999,6,POL,A,6,14065,3700,1200,1500,1000,,,,10365,2680,465,920,2225,835,80,620,2540,,,,,,,,,
1999,7,HUN,A,7,13879,1800,1000,800,0,,,,12079,3005,564,1200,2925,555,400,750,2680,,,,,,,,,
1999,8,TUR,A,8,13826,3375,400,1475,1500,,,,10451,2765,306,790,2350,575,440,490,2735,,,,,,,,,
1999,9,ROU,A,9,12991,3500,600,1600,1300,,,,9491,2320,296,950,2405,610,80,475,2355,,,,,,,,,
1999,10,SVK,A,10,12130,2300,400,800,1100,,,,9830,2220,475,1110,1905,665,160,625,2670,,,,,,,,,
1999,11,SVN,A,11,12130,3900,1400,1500,1000,,,,8230,2170,210,540,2255,470,160,420,2005,,,,,,,,,
1999,12,UN,UN 3,12,11996,3300,800,1500,1000,,,,8696,2425,266,730,2230,580,120,525,1820,,,,,,,,,
1999,13,CAN,A,13,11827,2800,1000,1800,0,,,,9027,2085,412,1020,2060,565,200,420,2265,,,,,,,,,
1999,14,CZE,B,14,11381,2500,1000,1500,0,,,,8881,2320,241,1140,2255,365,80,520,1960,,,,,,,,,
1999,15,CRO,A,15,9614,1700,200,1500,0,,,,8397,2400,177,790,2155,425,240,320,1890,,,,,,,,,
1999,16,UN,UN 1,16,9387,2100,600,1500,0,,,,7514,2090,104,940,1535,630,40,450,1725,,,,,,,,,
1999,17,FIN,A,17,9106,3600,1100,1500,1000,,,,5506,1400,96,590,1495,370,80,135,1340,,,,,,,,,
1999,18,UN,UN 2,18,7540,1400,600,800,0,,,,5440,1470,185,580,1295,255,40,305,1310,,,,,,,,,
1998,1,USA,A,1,4508,???,,,,,,,???,,,,,,,,,,,,,,,,,
1998,2,JPN,A,2,3967,???,,,,,,,???,,,,,,,,,,,,,,,,,
1998,3,HUN,A,3,3670,???,,,,,,,???,,,,,,,,,,,,,,,,,
1998,4,NED,A,4,3591,???,,,,,,,???,,,,,,,,,,,,,,,,,
1998,5,CZE,A,5,3532,???,,,,,,,???,,,,,,,,,,,,,,,,,
1998,6,GER,A,6,3314,???,,,,,,,???,,,,,,,,,,,,,,,,,
1998,7,TUR,A,7,3179,???,,,,,,,???,,,,,,,,,,,,,,,,,
1998,8,UN,UN 2,8,2585,???,,,,,,,???,,,,,,,,,,,,,,,,,
1998,9,ROU,A,9,2508,???,,,,,,,???,,,,,,,,,,,,,,,,,
1998,10,POL,A,10,2270,???,,,,,,,???,,,,,,,,,,,,,,,,,
1998,11,CRO,A,11,2082,???,,,,,,,???,,,,,,,,,,,,,,,,,
1998,12,FIN,A,12,1600,???,,,,,,,???,,,,,,,,,,,,,,,,,
1998,13,UN,UN 1,13,1087,???,,,,,,,???,,,,,,,,,,,,,,,,,
1998,14,KSV,A,14,571,???,,,,,,,???,,,,,,,,,,,,,,,,,
1997,1,CZE,A,1,9415,???,,,,,,,???,,,,,,,,,,,,,,,,,
1997,2,USA,A,2,9383,???,,,,,,,???,,,,,,,,,,,,,,,,,
1997,3,HUN,A,3,8518,???,,,,,,,???,,,,,,,,,,,,,,,,,
1997,4,GER,A,4,8215,???,,,,,,,???,,,,,,,,,,,,,,,,,
1997,5,TUR,A,5,7522,???,,,,,,,???,,,,,,,,,,,,,,,,,
1997,6,SVK,A,6,7225,???,,,,,,,???,,,,,,,,,,,,,,,,,
1997,7,JPN,A,7,7087,???,,,,,,,???,,,,,,,,,,,,,,,,,
1997,8,ROU,A,8,6012,???,,,,,,,???,,,,,,,,,,,,,,,,,
1997,9,NED,A,9,5992,???,,,,,,,???,,,,,,,,,,,,,,,,,
1997,10,POL,A,10,5701,???,,,,,,,???,,,,,,,,,,,,,,,,,
1997,11,RUS,A,11,5548,???,,,,,,,???,,,,,,,,,,,,,,,,,
1997,12,CRO,A,12,5170,???,,,,,,,???,,,,,,,,,,,,,,,,,
1997,13,UN,UN 1,13,4490,???,,,,,,,???,,,,,,,,,,,,,,,,,
1997,14,FIN,A,14,4205,???,,,,,,,???,,,,,,,,,,,,,,,,,
1997,15,BIH,A,15,3467,???,,,,,,,???,,,,,,,,,,,,,,,,,
1997,16,UKR,A,16,2977,???,,,,,,,???,,,,,,,,,,,,,,,,,
1996,1,USA,A,1,3013,???,,,,,,,???,,,,,,,,,,,,,,,,,
1996,2,CZE,A,2,2557,???,,,,,,,???,,,,,,,,,,,,,,,,,
1996,3,TUR,A,3,2149,???,,,,,,,???,,,,,,,,,,,,,,,,,
1996,4,NED,A,4,2135,???,,,,,,,???,,,,,,,,,,,,,,,,,
1996,5,POL,A,5,1933,???,,,,,,,???,,,,,,,,,,,,,,,,,
1996,6,RUS,A,6,1872,???,,,,,,,???,,,,,,,,,,,,,,,,,
1996,7,GER,A,7,1840,???,,,,,,,???,,,,,,,,,,,,,,,,,
1996,8,JPN,A,8,1726,???,,,,,,,???,,,,,,,,,,,,,,,,,
1996,9,HUN,A,9,1657,???,,,,,,,???,,,,,,,,,,,,,,,,,
1996,10,SVK,A,10,1638,???,,,,,,,???,,,,,,,,,,,,,,,,,
1996,11,ROU,A,11,1588,???,,,,,,,???,,,,,,,,,,,,,,,,,
1996,12,UN,UN 1,12,1313,???,,,,,,,???,,,,,,,,,,,,,,,,,
1996,13,CRO,A,13,1066,???,,,,,,,???,,,,,,,,,,,,,,,,,
1996,14,GBR,A,14,811,???,,,,,,,???,,,,,,,,,,,,,,,,,
1995,1,USA,A,1,17463,???,,,,,,,???,,,,,,,,,,,,,,,,,
1995,2,CZE,A,2,17305,???,,,,,,,???,,,,,,,,,,,,,,,,,
1995,3,HUN,A,3,16250,???,,,,,,,???,,,,,,,,,,,,,,,,,
1995,4,ROU,A,4,15979,???,,,,,,,???,,,,,,,,,,,,,,,,,
1995,5,TUR,A,5,14992,???,,,,,,,???,,,,,,,,,,,,,,,,,
1995,6,GER,A,6,13995,???,,,,,,,???,,,,,,,,,,,,,,,,,
1995,7,CRO,A,7,13926,???,,,,,,,???,,,,,,,,,,,,,,,,,
1995,8,RUS,A,8,12516,???,,,,,,,???,,,,,,,,,,,,,,,,,
1995,9,JPN,A,9,12187,???,,,,,,,???,,,,,,,,,,,,,,,,,
1995,10,NED,A,10,12066,???,,,,,,,???,,,,,,,,,,,,,,,,,
1994,1,CZE,A,1,13986,???,,,,,,,???,,,,,,,,,,,,,,,,,
1994,2,USA,A,2,13753,???,,,,,,,???,,,,,,,,,,,,,,,,,
1994,3,CRO,A,3,13151,???,,,,,,,???,,,,,,,,,,,,,,,,,
1994,4,SVK,A,4,12090,???,,,,,,,???,,,,,,,,,,,,,,,,,
1994,5,GER,A,5,12027,???,,,,,,,???,,,,,,,,,,,,,,,,,
1994,6,HUN,A,6,11449,???,,,,,,,???,,,,,,,,,,,,,,,,,
1994,7,UN,UN 1,7,11409,???,,,,,,,???,,,,,,,,,,,,,,,,,
1994,8,TUR,A,8,10560,???,,,,,,,???,,,,,,,,,,,,,,,,,
1994,9,POL,A,9,10130,???,,,,,,,???,,,,,,,,,,,,,,,,,
1994,10,SVN,A,10,10114,???,,,,,,,???,,,,,,,,,,,,,,,,,
1994,11,ROU,A,11,9607,???,,,,,,,???,,,,,,,,,,,,,,,,,
1994,12,JPN,A,12,8394,???,,,,,,,???,,,,,,,,,,,,,,,,,
1994,13,NED,A,13,7551,???,,,,,,,???,,,,,,,,,,,,,,,,,
1993,1,CZE,A,1,2609,???,,,,,,,???,,,,,,,,,,,,,,,,,
1993,2,USA,A,2,2499,???,,,,,,,???,,,,,,,,,,,,,,,,,
1993,3,CAN,A,3,2192,???,,,,,,,???,,,,,,,,,,,,,,,,,
1993,4,POL,A,4,2172,???,,,,,,,???,,,,,,,,,,,,,,,,,
1993,5,JPN,A,5,2128,???,,,,,,,???,,,,,,,,,,,,,,,,,
1993,6,TUR,A,6,2064,???,,,,,,,???,,,,,,,,,,,,,,,,,
1993,7,HUN,A,7,1927,???,,,,,,,???,,,,,,,,,,,,,,,,,
1993,8,SVK,A,8,1898,???,,,,,,,???,,,,,,,,,,,,,,,,,
1993,9,ARG,A,9,1856,???,,,,,,,???,,,,,,,,,,,,,,,,,
1993,10,CRO,A,10,1623,???,,,,,,,???,,,,,,,,,,,,,,,,,
1993,11,NED,A,11,1419,???,,,,,,,???,,,,,,,,,,,,,,,,,
1993,12,SVN,A,12,1293,???,,,,,,,???,,,,,,,,,,,,,,,,,
1993,13,GER,A,13,1179,???,,,,,,,???,,,,,,,,,,,,,,,,,
1992,1,USA,A,1,2569,???,,,,,,,???,,,,,,,,,,,,,,,,,
1992,2,ARG,A,2,2224,???,,,,,,,???,,,,,,,,,,,,,,,,,
1992,3,POL,A,3,2134,???,,,,,,,???,,,,,,,,,,,,,,,,,
1992,4,CAN,A,4,2103,???,,,,,,,???,,,,,,,,,,,,,,,,,
1992,5,TUR,A,5,2066,???,,,,,,,???,,,,,,,,,,,,,,,,,
1992,6,CZS,A,6,1908,???,,,,,,,???,,,,,,,,,,,,,,,,,
1992,7,SVN,A,7,1782,???,,,,,,,???,,,,,,,,,,,,,,,,,
1992,8,JPN,A,8,1664,???,,,,,,,???,,,,,,,,,,,,,,,,,
1992,9,NED,A,9,1661,???,,,,,,,???,,,,,,,,,,,,,,,,,
1992,10,CRO,A,10,1609,???,,,,,,,???,,,,,,,,,,,,,,,,,
1992,11,FIN,A,11,1149,???,,,,,,,???,,,,,,,,,,,,,,,,,
1992,12,GER,A,12,1118,???,,,,,,,???,,,,,,,,,,,,,,,,,
1992,13,HUN,A,13,737,???,,,,,,,???,,,,,,,,,,,,,,,,,
